ErrataID,Section,PageStart,PageEnd,Subject,ErrataType,AddedOn,ItemName,FieldName,OldValue,NewValue,ErrataText
1,Combat,183,,Plasma Attacks,rule,,,Effect against Force Fields,Double Damage,+2 Weapon Multiplier,"Plasma Weapon Attacks should be +2 Multiplier versus shields, not ""Double Damage"" as described here. This brings it in line with the description for Counter: Shields on P212."
2,Combat,183,,Terran psionic Force Fields,rule,,,,,,"Terran Sphere psionics using force fields circumvent the restriction on Psionic effects by having a gap in their force field's protection. This means that their force fields may be bypassed by aimed or area attacks that happen while they are using their powers. Normally this vulnerability only lasts for the Psionics turn, leaving them vulnerable to sustained attacks, but ongoing effects require the gap to remain open and exploitable."
3,Combat,185,,Armor reduction duration,rule,,,,,,"Armor Reduction from Coordinated Fire or from attacks with Counter: Armor persists until the end of the round, allowing subsequent players to take advantage of the target's weakened state."
4,Combat,191,,Battle Strain: missile salvos,rule,,,,,,Battle strain can be spent on a 1 to 1 basis to increase the number of missiles in a salvo. This can not be used in conjunction with the Coordinated fire effect.
5,Combat,191,,Battle Strain: Tags and extra actions,rule,,,,,,"Using Battle Strain to Activate Tags or Perform Extra Actions with a unit does not fall under the single Battle Strain expenditure per round rule. Additional extra actions after the first cost increasing multiples of 3 Battle Strain (6, 9, etc...) as per the extra actions for AP rule."
6,Combat,191,,Attached characters: skill switch,rule,,,,,,A character attached to a unit may use Tags and their personal AP to skill switch from the unit's target number on to their corresponding skill.
7,Combat,194,,Missile attacks vs margin of defense,rule,,,Margin of defense reduction,-1 per salvo,-1 per missile in the salvo,Missile attacks reduce their targets' total margin of defense by the number of attacking missiles in the salvo not -1 per salvo launched at the target. This reduction is not restricted to their bonus margin of defense from anti missile fire.
8,Item Creation,209,212,Software: required computer,rule,2026-09-27,,Software requirement,Required Computer Rank (by size),Required Computer Grade (by size),"Software no longer requires a computer rank by size. Instead, program size sets the computer grade it needs. Tiny, Small, and Medium programs need a Minor computer, carry 1 or 2 Tasks, and serve a single user. Large and Huge programs need a Moderate computer, carry multiple Tasks, and serve dozens of users at once. Colossal programs need a Major computer and serve hundreds of users at once. Computer rank no longer limits program size; it only caps Task target numbers. A Task runs at its own TN or the computer rank's maximum TN, whichever is lower. Replace every ""Required Computer Rank"" in program stat blocks with the matching Required Computer Grade."
8,Item Creation,209,212,Software: required computer,rule,2026-09-27,,Task TN on a lower-rank computer,not allowed,runs at the computer rank's max TN,"Software no longer requires a computer rank by size. Instead, program size sets the computer grade it needs. Tiny, Small, and Medium programs need a Minor computer, carry 1 or 2 Tasks, and serve a single user. Large and Huge programs need a Moderate computer, carry multiple Tasks, and serve dozens of users at once. Colossal programs need a Major computer and serve hundreds of users at once. Computer rank no longer limits program size; it only caps Task target numbers. A Task runs at its own TN or the computer rank's maximum TN, whichever is lower. Replace every ""Required Computer Rank"" in program stat blocks with the matching Required Computer Grade."
9,Item Creation,210,,Attack: turrets,rule,,,,,,"Omission of Turret rules from Attack attribute - Spending the base cost for an attack multiple times allows additional gunners to make attacks with the weapon, or the same gunner assuming he spends the action points. The Ships of the Line design exercise starting on page 219 provides an example of these rules in action."
10,Item Creation,210,,Attack: Melee,rule,,,,,,Melee attacks can never gain the Area attribute.
11,Item Creation,210,,Attack: rail weapon power,rule,2026-09-28,,Rail weapon power,unclear,integrated/slaved: Power Slot + Ammunition; standalone: self-powered rounds,"Rail (Kinetic Ranged) weapons integrated into an item (ship and vehicle weapons, and units slaved to a host such as suit-mounted or Weapon Link weapons) draw a Power Slot like any other Attack, in addition to their Ammunition. Standalone rail weapons (hand weapons such as gauss pistols and rifles) need no Power Supply: the power is built into the casing of each round, and this is already included in their Ammunition."
12,Item Creation,210,,Attack: Hyperspace implementation,clarification,2026-09-28,,Hyperspace free features,Counter: Armor,"Counter: Armor, Area: Small Sudden","The Hyperspace implementation (the Shohan Dreadnought's hyper cannon, the only such attack in the game) includes Counter: Armor and Area: Small Sudden at no extra cost. Both are printed in the cannon's stat block so its effects can be read without looking up the implementation."
13,Item Creation,210,,Attack: One-Time Use feed,rule,2026-09-30,,One-Time Use Attack feed,Power Slot or Ammunition,none,"An Attack on a One-Time Use item, such as a grenade, needs no feed (no Power Slot and no Ammunition): the item is its own charge."
14,Item Creation,211,,Attack: Plasma Bleed,rule,2026-09-27,,Plasma Bleed above the free amount,not addressed,Costs the difference between full Bleed cost and the free Bleed,"A Plasma Attack's free Bleed (half its Weapon Multiplier, at the grade matching the Attack's scale) can be increased. Additional Bleed damage costs the difference between the full Bleed cost and the free Bleed."
15,Item Creation,211,,Attack: self-powered Plasma,rule,2026-09-29,,Plasma implementations,Plasma,"Plasma (2 Power Slots per mount); Plasma (self-powered) (special ammunition, built-in Moderate limitation)","Plasma has a self-powered implementation for hand weapons. Instead of drawing 2 Power Slots per mount, it needs special ammunition (an Ammunition Resource). That requirement is built into the implementation as a Moderate limitation: it takes one of the two Moderate limitation slots but refunds no Build Points. Plasma weapons built into or slaved to a host still draw 2 Power Slots per mount, with or without ammunition. Kinetic (rail) weapons split the same way (p210): Kinetic draws a Power Slot plus Ammunition, Kinetic (self-powered) uses Ammunition only."
15,Item Creation,211,,Attack: self-powered Plasma,rule,2026-09-29,,Kinetic implementations,Kinetic,Kinetic (Power Slot + Ammunition); Kinetic (self-powered) (Ammunition only),"Plasma has a self-powered implementation for hand weapons. Instead of drawing 2 Power Slots per mount, it needs special ammunition (an Ammunition Resource). That requirement is built into the implementation as a Moderate limitation: it takes one of the two Moderate limitation slots but refunds no Build Points. Plasma weapons built into or slaved to a host still draw 2 Power Slots per mount, with or without ammunition. Kinetic (rail) weapons split the same way (p210): Kinetic draws a Power Slot plus Ammunition, Kinetic (self-powered) uses Ammunition only."
16,Item Creation,212,,Counter: Armor,rule,,,Armor reduction,"-2, or ignore armor on an aimed attack",-1 unaimed; -2 aimed; -1 carries to other attacks,"Counter Armor no longer can bypass non-partial armor on an aimed attack. Instead on an unaimed attack it will reduce armor by 1. Aimed attacks will grant an additional 1 armor reduction for the attack, bringing the aimed attack to -2 armor. However, the armor reduction contributed to other attacks remains at -1 armor."
17,Item Creation,212,215,Drugs: Strain and Duration,rule,2026-09-28,,Counter implementations,"Armor, Shields, Disabling, Strike",adds Strain (±5 Psionic Strain per Counter),Counter: Strain raises or lowers Psionic Strain by 5 per Counter (20 BP each). Regeneration: Strain restores Psionic Strain like other Regeneration implementations. A drug's Duration is bought as a Resource (1 Minor rank ≈ 10 combat rounds or 1 hour; 1 Moderate rank ≈ 1 day).
17,Item Creation,212,215,Drugs: Strain and Duration,rule,2026-09-28,,Regeneration implementations,"Biological, Force Field, Mechanical",adds Strain,Counter: Strain raises or lowers Psionic Strain by 5 per Counter (20 BP each). Regeneration: Strain restores Psionic Strain like other Regeneration implementations. A drug's Duration is bought as a Resource (1 Minor rank ≈ 10 combat rounds or 1 hour; 1 Moderate rank ≈ 1 day).
17,Item Creation,212,215,Drugs: Strain and Duration,rule,2026-09-28,,Drug Duration,undefined,Resource,Counter: Strain raises or lowers Psionic Strain by 5 per Counter (20 BP each). Regeneration: Strain restores Psionic Strain like other Regeneration implementations. A drug's Duration is bought as a Resource (1 Minor rank ≈ 10 combat rounds or 1 hour; 1 Moderate rank ≈ 1 day).
18,Item Creation,213,,Drive: Reactionless,rule,,,Reaction mass,Expels reaction mass,Does not expel reaction mass,Reactionless drives should not expel Reaction Mass.
19,Item Creation,213,,Drive: Fuel exemptions,rule,2026-09-30,,Drive Fuel,"always needed (except Light Sail, Jump)","not needed when a Coil, Environmental, or Hyperspace Tap Power Supply runs it, or for a Biological Drive","A Drive needs no Fuel Resource when it can run from its item's own Power Supply and that supply burns no Fuel: a Coil (battery), Environmental, or Hyperspace Tap supply. A creature's legs, wings, or fins are a Biological Drive, which needs no Fuel either. Light Sail and Jump drives are unchanged."
20,Item Creation,214,,Hangar: capacity,rule,2026-09-27,,Hangar capacity,multiple items,3 items (4 crammed),"Hangar: ""multiple items"" means 3 items, or 4 if crammed in. For example, a Major Hangar on a Huge ship holds 3 Large craft (4 crammed), and a Moderate Hangar holds 3 items two sizes smaller (4 crammed)."
21,Item Creation,214,,Launcher: sets of 4,rule,2026-09-28,,Launcher purchase,per launcher,sets of 4,"Launchers are bought in sets of 4 (one set draws 1 Power Slot and costs 4 × the per-launcher price: 20 / 40 / 60 BP). Ships printing launcher counts that are not multiples of 4 are corrected by errata (Standard Assault Shuttle, Dragon, Conventional Frigate, Redemption, Havenite Marauder). A Magazine does not have to match the launcher count."
22,Item Creation,215,,Link: Refueling,rule,2026-09-28,,Link types,"Data, Psi, Weapon",adds Refueling (draws 1 Power Slot),"Add a Link type, Refueling: a docking connection that transfers fuel to a linked craft of up to the Link's maximum size. Each Refueling Link draws 1 Power Slot of its grade while in use. (The Fleet Auxiliary's three Major Refueling Links account for 3 of its 4 used Power Slots.)"
23,Item Creation,216,,Power Supply: minimum item size,rule,2026-09-25,,Minimum size: Moderate,Medium,Small,"A Moderate Power Supply may be installed on a Small item (the table lists Medium). Major Power Supplies still require a Large item, except that the compact Hyperspace Tap and Coil implementations can squeeze a Major Power Supply into a Medium item."
23,Item Creation,216,,Power Supply: minimum item size,rule,2026-09-25,,Minimum size: Major (Hyperspace Tap or Coil),Large,Medium,"A Moderate Power Supply may be installed on a Small item (the table lists Medium). Major Power Supplies still require a Large item, except that the compact Hyperspace Tap and Coil implementations can squeeze a Major Power Supply into a Medium item."
24,Item Creation,216,,Power: host-powered items,clarification,2026-09-30,,Items without their own power,Not enough Power Slots,draw their slots from the host,"An item with no Power Supply or Drive of its own, such as a weapon module or a G3P, draws the Power Slots it uses from the host it is mounted on or plugged into. Its stat block lists them as its power requirement. A Slave limitation still means it needs a Link of the right type to work, not just a power connection."
25,Item Creation,217,,Resource: Fuel grade,rule,2026-09-25,,Fuel grade,Same grade as the Drive/Power Supply,Same grade or higher,"A Fuel Resource can feed Drives and Power Supplies of its own grade or lower. A larger fuel tank can feed a smaller drive (for example, Major Fuel can feed a Moderate Reaction Drive), but never the reverse."
26,Item Creation,217,,Regeneration: Force Field,rule,2026-09-27,,Force Field Regeneration grade,not specified,Major,Shohan Force Field Regeneration is always Major grade (regenerates every round).
27,Item Creation,217,218,Limitations: examples,clarification,2026-09-28,,Key Personnel,unlisted,Moderate limitation,"Key Personnel (the item needs a specific crew member, such as a Navigator) is a Moderate limitation. A Modifier covering several skills is costed per skill (10 BP × rank × number of skills). A Minor Reaction Drive is a jet pack that works on a planet or in microgravity."
27,Item Creation,217,218,Limitations: examples,clarification,2026-09-28,,Multi-skill Modifier cost,unclear,per skill,"Key Personnel (the item needs a specific crew member, such as a Navigator) is a Moderate limitation. A Modifier covering several skills is costed per skill (10 BP × rank × number of skills). A Minor Reaction Drive is a jet pack that works on a planet or in microgravity."
27,Item Creation,217,218,Limitations: examples,clarification,2026-09-28,,Minor Reaction Drive,unlisted,jet pack (planet or microgravity),"Key Personnel (the item needs a specific crew member, such as a Navigator) is a Moderate limitation. A Modifier covering several skills is costed per skill (10 BP × rank × number of skills). A Minor Reaction Drive is a jet pack that works on a planet or in microgravity."
28,Item Creation,217,218,Modifier: skill breadth,rule,2026-09-29,,Multi-skill Modifier cost,per skill,"by breadth: Minor 1 skill (10/rank), Moderate 2 (20/rank), Major 3+ or a class (30/rank)","The grade of a Modifier is how many skills it covers: Minor for one skill (10 BP per rank), Moderate for two (20 BP per rank), and Major for three or more, or a whole class of skills such as ""Weapons"" or ""Technical Skills"" (30 BP per rank). This replaces costing multi-skill Modifiers per skill. The +4 limit per skill still applies; how a class Modifier stacks with others is left to the table."
29,Gear,225,,Quick Reference table,typo,2026-09-28,Standard Light Armor,Quick Reference CR/CC,2 / 0,0 / 0,"Update the Quick Reference table to match the errata: Standard Light Armor CR 0, CC 0; Psionic Light Armor CR 0, CC 0; Flight Pack CR 0, CC 0; Personal Psi Link CR 1, CC 1; Stealth FTL Recon Drone CR 6, CC 21; Factory Freighter CR 9, CC 45; Tse Blade CR 4, CC 10. Replace the Programs ""Min"" column (minimum computer rank) with the required computer grade: Minor for all eight programs."
29,Gear,225,,Quick Reference table,typo,2026-09-28,Psionic Light Armor,Quick Reference CR/CC,1 / 1,0 / 0,"Update the Quick Reference table to match the errata: Standard Light Armor CR 0, CC 0; Psionic Light Armor CR 0, CC 0; Flight Pack CR 0, CC 0; Personal Psi Link CR 1, CC 1; Stealth FTL Recon Drone CR 6, CC 21; Factory Freighter CR 9, CC 45; Tse Blade CR 4, CC 10. Replace the Programs ""Min"" column (minimum computer rank) with the required computer grade: Minor for all eight programs."
29,Gear,225,,Quick Reference table,typo,2026-09-28,Flight Pack,Quick Reference CR/CC,1 / 1,0 / 0,"Update the Quick Reference table to match the errata: Standard Light Armor CR 0, CC 0; Psionic Light Armor CR 0, CC 0; Flight Pack CR 0, CC 0; Personal Psi Link CR 1, CC 1; Stealth FTL Recon Drone CR 6, CC 21; Factory Freighter CR 9, CC 45; Tse Blade CR 4, CC 10. Replace the Programs ""Min"" column (minimum computer rank) with the required computer grade: Minor for all eight programs."
29,Gear,225,,Quick Reference table,typo,2026-09-28,Personal Psi Link,Quick Reference CR/CC,2 / 3,1 / 1,"Update the Quick Reference table to match the errata: Standard Light Armor CR 0, CC 0; Psionic Light Armor CR 0, CC 0; Flight Pack CR 0, CC 0; Personal Psi Link CR 1, CC 1; Stealth FTL Recon Drone CR 6, CC 21; Factory Freighter CR 9, CC 45; Tse Blade CR 4, CC 10. Replace the Programs ""Min"" column (minimum computer rank) with the required computer grade: Minor for all eight programs."
29,Gear,225,,Quick Reference table,typo,2026-09-28,Stealth FTL Recon Drone,Quick Reference CR/CC,5 / 15,6 / 21,"Update the Quick Reference table to match the errata: Standard Light Armor CR 0, CC 0; Psionic Light Armor CR 0, CC 0; Flight Pack CR 0, CC 0; Personal Psi Link CR 1, CC 1; Stealth FTL Recon Drone CR 6, CC 21; Factory Freighter CR 9, CC 45; Tse Blade CR 4, CC 10. Replace the Programs ""Min"" column (minimum computer rank) with the required computer grade: Minor for all eight programs."
29,Gear,225,,Quick Reference table,typo,2026-09-28,Factory Freighter,Quick Reference CR/CC,8 / 36,9 / 45,"Update the Quick Reference table to match the errata: Standard Light Armor CR 0, CC 0; Psionic Light Armor CR 0, CC 0; Flight Pack CR 0, CC 0; Personal Psi Link CR 1, CC 1; Stealth FTL Recon Drone CR 6, CC 21; Factory Freighter CR 9, CC 45; Tse Blade CR 4, CC 10. Replace the Programs ""Min"" column (minimum computer rank) with the required computer grade: Minor for all eight programs."
29,Gear,225,,Quick Reference table,typo,2026-09-28,Tse Blade,Quick Reference CR/CC,5 / 15,4 / 10,"Update the Quick Reference table to match the errata: Standard Light Armor CR 0, CC 0; Psionic Light Armor CR 0, CC 0; Flight Pack CR 0, CC 0; Personal Psi Link CR 1, CC 1; Stealth FTL Recon Drone CR 6, CC 21; Factory Freighter CR 9, CC 45; Tse Blade CR 4, CC 10. Replace the Programs ""Min"" column (minimum computer rank) with the required computer grade: Minor for all eight programs."
29,Gear,225,,Quick Reference table,typo,2026-09-28,,Quick Reference: Programs column,Min (computer rank),Computer grade (Minor),"Update the Quick Reference table to match the errata: Standard Light Armor CR 0, CC 0; Psionic Light Armor CR 0, CC 0; Flight Pack CR 0, CC 0; Personal Psi Link CR 1, CC 1; Stealth FTL Recon Drone CR 6, CC 21; Factory Freighter CR 9, CC 45; Tse Blade CR 4, CC 10. Replace the Programs ""Min"" column (minimum computer rank) with the required computer grade: Minor for all eight programs."
30,Gear,226,271,Firearms skill name,clarification,2026-09-26,,Modifier skill,Sidearms,Firearms,"Equipment Modifiers listed for ""Sidearms"" should read ""Firearms"". Sidearms is an earlier name for the personal weapon skill."
31,Gear,226,271,Multiplier printing error,clarification,2026-09-26,,,,,"Several stat blocks printed an Armor or Attack Multiplier rank as the final value, leaving out the base rank, so the printed Armor Rating or Weapon Multiplier is one step too low. The affected items are corrected individually below."
32,Gear,226,,Psionic Light Armor,stat,,Psionic Light Armor,Charge duration,1 day,10 days / combat turns,"Psionic Light Armor's fuel should read 10 Days/Combat turns instead of ""1 Day""."
33,Gear,226,,Camouflage Suit,stat,2026-09-26,Camouflage Suit,Armor Rating,3 (Firefight),4 (Firefight),"The Camouflage Suit's Armor Rating is 4 (Firefight), not 3."
34,Gear,226,,Standard Light Armor,stat,2026-09-27,Standard Light Armor,CR,2,0,"Standard Light Armor's Cost Rating is 0, not 2 (its CC is already 0)."
35,Gear,226,,Psionic Light Armor,stat,2026-09-27,Psionic Light Armor,CR,1,0,"Psionic Light Armor's Cost Rating is 0 and its Character Creation cost is 0 (was CR 1, CC 1). Its stats are unchanged."
35,Gear,226,,Psionic Light Armor,stat,2026-09-27,Psionic Light Armor,CC,1,0,"Psionic Light Armor's Cost Rating is 0 and its Character Creation cost is 0 (was CR 1, CC 1). Its stats are unchanged."
36,Gear,226,,Stealth Suit,stat,2026-09-27,Stealth Suit,Size,Medium,Small,"The Stealth Suit is a Small item, not Medium; it can be worn under street clothing."
37,Gear,227,,"Riot/LEO Armor, Psi Variant",stat,,"Riot/LEO Armor, Psi Variant",Charge duration,1 day,10 days / combat turns,"Riot/LEO Armor, Psi Variant, fuel should also be 10 Days/Combat turns."
38,Gear,227,,Standard Powered Armor,stat,,Standard Powered Armor,Armor scale,Firefight,Battlefield,"Standard Powered Armor possesses Battlefield, not Firefight level armor."
39,Gear,227,,Riot/LEO Armor,stat,2026-09-27,Riot/LEO Armor,Size,Medium,Small,"Riot/LEO Armor is a Small item, not Medium, and its Armor Rating is 4 (Firefight), not 3."
39,Gear,227,,Riot/LEO Armor,stat,2026-09-27,Riot/LEO Armor,Armor Rating,3 (Firefight),4 (Firefight),"Riot/LEO Armor is a Small item, not Medium, and its Armor Rating is 4 (Firefight), not 3."
40,Gear,227,,"Riot/LEO Armor, Psi Variant",stat,2026-09-27,"Riot/LEO Armor, Psi Variant",Size,Medium,Small,"Riot/LEO Armor, Psi Variant is a Small item, not Medium. It has Life Support: Minor (the rebreather its limitation refers to), gains the Tag [Mental Block], and its Strain Threshold is 10, not 5."
40,Gear,227,,"Riot/LEO Armor, Psi Variant",stat,2026-09-27,"Riot/LEO Armor, Psi Variant",Life Support,none,Minor (1 person),"Riot/LEO Armor, Psi Variant is a Small item, not Medium. It has Life Support: Minor (the rebreather its limitation refers to), gains the Tag [Mental Block], and its Strain Threshold is 10, not 5."
40,Gear,227,,"Riot/LEO Armor, Psi Variant",stat,2026-09-27,"Riot/LEO Armor, Psi Variant",Tag,none,[Mental Block],"Riot/LEO Armor, Psi Variant is a Small item, not Medium. It has Life Support: Minor (the rebreather its limitation refers to), gains the Tag [Mental Block], and its Strain Threshold is 10, not 5."
40,Gear,227,,"Riot/LEO Armor, Psi Variant",stat,2026-09-27,"Riot/LEO Armor, Psi Variant",Strain Threshold,5,10,"Riot/LEO Armor, Psi Variant is a Small item, not Medium. It has Life Support: Minor (the rebreather its limitation refers to), gains the Tag [Mental Block], and its Strain Threshold is 10, not 5."
41,Gear,228,,Kavacha Powered Armor,stat,,Kavacha-class A-350 Marine Engagement Suit,Armor scale,Firefight,Battlefield,"Kavacha Powered Armor possesses Battlefield, not Firefight level armor. This applies to both the A-350 Marine Engagement Suit and the A-350SR Marine Reconnaissance Suit."
41,Gear,228,,Kavacha Powered Armor,stat,,Kavacha-class A-350SR Marine Reconnaissance Suit,Armor scale,Firefight,Battlefield,"Kavacha Powered Armor possesses Battlefield, not Firefight level armor. This applies to both the A-350 Marine Engagement Suit and the A-350SR Marine Reconnaissance Suit."
42,Gear,229,,Knife,stat,2026-09-27,Knife,Limitation,none,"Usage Restriction (Firefight targets only), Minor","The Knife gains Limitation: Usage Restriction (Firefight targets only; useless against Battlefield or hull armor), Minor."
43,Gear,229,,Flight Pack,stat,2026-09-27,Flight Pack,Modifier,none,Pilot +2,"The Flight Pack gains Modifier: Pilot +2. [Turn Your Head to Steer] is a Free Tag and [A Leap of Faith] is rank 3. Its Usage Restriction is a Moderate limitation. Its Cost Rating is 0 and its Character Creation cost is 0 (was CR 1, CC 1)."
43,Gear,229,,Flight Pack,stat,2026-09-27,Flight Pack,Tag type: [Turn Your Head to Steer],Standard,Free,"The Flight Pack gains Modifier: Pilot +2. [Turn Your Head to Steer] is a Free Tag and [A Leap of Faith] is rank 3. Its Usage Restriction is a Moderate limitation. Its Cost Rating is 0 and its Character Creation cost is 0 (was CR 1, CC 1)."
43,Gear,229,,Flight Pack,stat,2026-09-27,Flight Pack,Tag rank: [A Leap of Faith],1,3,"The Flight Pack gains Modifier: Pilot +2. [Turn Your Head to Steer] is a Free Tag and [A Leap of Faith] is rank 3. Its Usage Restriction is a Moderate limitation. Its Cost Rating is 0 and its Character Creation cost is 0 (was CR 1, CC 1)."
43,Gear,229,,Flight Pack,stat,2026-09-27,Flight Pack,Limitation grade: Usage Restriction,Minor,Moderate,"The Flight Pack gains Modifier: Pilot +2. [Turn Your Head to Steer] is a Free Tag and [A Leap of Faith] is rank 3. Its Usage Restriction is a Moderate limitation. Its Cost Rating is 0 and its Character Creation cost is 0 (was CR 1, CC 1)."
43,Gear,229,,Flight Pack,stat,2026-09-27,Flight Pack,CR,1,0,"The Flight Pack gains Modifier: Pilot +2. [Turn Your Head to Steer] is a Free Tag and [A Leap of Faith] is rank 3. Its Usage Restriction is a Moderate limitation. Its Cost Rating is 0 and its Character Creation cost is 0 (was CR 1, CC 1)."
43,Gear,229,,Flight Pack,stat,2026-09-27,Flight Pack,CC,1,0,"The Flight Pack gains Modifier: Pilot +2. [Turn Your Head to Steer] is a Free Tag and [A Leap of Faith] is rank 3. Its Usage Restriction is a Moderate limitation. Its Cost Rating is 0 and its Character Creation cost is 0 (was CR 1, CC 1)."
44,Gear,229,,Bolt-on Thruster Pack,stat,2026-09-27,Bolt-on Thruster Pack,Modifier,none,Pilot +2,"The Bolt-on Thruster Pack gains Modifier: Pilot +2 and Life Support: Minor (extending suit operations in space). Its fuel is 3 Moderate Fuel, not Minor."
44,Gear,229,,Bolt-on Thruster Pack,stat,2026-09-27,Bolt-on Thruster Pack,Life Support,none,Minor (1 person),"The Bolt-on Thruster Pack gains Modifier: Pilot +2 and Life Support: Minor (extending suit operations in space). Its fuel is 3 Moderate Fuel, not Minor."
44,Gear,229,,Bolt-on Thruster Pack,stat,2026-09-27,Bolt-on Thruster Pack,Fuel,3 Minor,3 Moderate,"The Bolt-on Thruster Pack gains Modifier: Pilot +2 and Life Support: Minor (extending suit operations in space). Its fuel is 3 Moderate Fuel, not Minor."
45,Gear,230,,Quality Gauss Pistol,stat,2026-09-26,Quality Gauss Pistol,Weapon Multiplier,2x,3x,The Quality Gauss Pistol's attack increases to 3x from 2x.
46,Gear,230,,Heavy Gauss Pistol,stat,2026-09-26,Heavy Gauss Pistol,Weapon Multiplier (single target),2x,3x,The Heavy Gauss Pistol's single-target attack increases to 3x from 2x. The burst fire mode remains 2x.
47,Gear,230,,Concealable Pistol,stat,2026-09-26,Concealable Pistol,Weapon Multiplier,2x,3x,"The Concealable Pistol's attack increases to 3x from 2x, it gains Modifier: Firearms +2, and its ammunition increases to 4 Minor Ammunition (40 shots) from 3 (30 shots)."
47,Gear,230,,Concealable Pistol,stat,2026-09-26,Concealable Pistol,Modifier,none,Firearms +2,"The Concealable Pistol's attack increases to 3x from 2x, it gains Modifier: Firearms +2, and its ammunition increases to 4 Minor Ammunition (40 shots) from 3 (30 shots)."
47,Gear,230,,Concealable Pistol,stat,2026-09-26,Concealable Pistol,Ammunition,3 Minor (30 shots),4 Minor (40 shots),"The Concealable Pistol's attack increases to 3x from 2x, it gains Modifier: Firearms +2, and its ammunition increases to 4 Minor Ammunition (40 shots) from 3 (30 shots)."
48,Gear,231,,Wellpoint Armory Stormguard 9MP,stat,,Wellpoint Armory Stormguard 9MP,Ammunition cost,3x,CR 1,"Wellpoint Armory Stormguard 9MP ammo now costs CR 1 instead of ""3x""."
49,Gear,231,,Security Gauss Rifle,stat,2026-09-26,Security Gauss Rifle,Weapon Multiplier (single target),3x,4x,The Security Gauss Rifle's single-target attack increases to 4x from 3x. The burst fire mode remains 3x.
50,Gear,232,,Plasma Carbine,stat,,Plasma Carbine,Weapon Multiplier,3x,4x,"The Plasma Carbine has the following changes: Weapon multiplier increases to 4x from 3x, Ammo cost is CR 1, not 5x, and it loses the Area attack attribute, to be replaced with Counter: Armor."
50,Gear,232,,Plasma Carbine,stat,,Plasma Carbine,Ammunition cost,5x,CR 1,"The Plasma Carbine has the following changes: Weapon multiplier increases to 4x from 3x, Ammo cost is CR 1, not 5x, and it loses the Area attack attribute, to be replaced with Counter: Armor."
50,Gear,232,,Plasma Carbine,stat,,Plasma Carbine,Area,Small Sudden,none,"The Plasma Carbine has the following changes: Weapon multiplier increases to 4x from 3x, Ammo cost is CR 1, not 5x, and it loses the Area attack attribute, to be replaced with Counter: Armor."
50,Gear,232,,Plasma Carbine,stat,,Plasma Carbine,Counter,none,Armor,"The Plasma Carbine has the following changes: Weapon multiplier increases to 4x from 3x, Ammo cost is CR 1, not 5x, and it loses the Area attack attribute, to be replaced with Counter: Armor."
51,Gear,232,,Sniper Rifle,stat,2026-09-26,Sniper Rifle,Weapon Multiplier,4x,5x,The Sniper Rifle's attack increases to 5x from 4x.
52,Gear,232,,Plasma Carbine,stat,2026-09-27,Plasma Carbine,Weapon Multiplier,4x,5x,The Plasma Carbine's attack increases to 5x from 4x. Its Bleed is 4 (Minor): 2 free from the Plasma implementation plus 2 bought.
52,Gear,232,,Plasma Carbine,stat,2026-09-27,Plasma Carbine,Bleed,Moderate 2,Minor 4 (2 free + 2 bought),The Plasma Carbine's attack increases to 5x from 4x. Its Bleed is 4 (Minor): 2 free from the Plasma implementation plus 2 bought.
53,Gear,232,,Plasma Carbine: Upkeep,typo,2026-09-28,Plasma Carbine,Upkeep,1,none,"Delete ""Upkeep: 1"" from the Plasma Carbine. Upkeep, a recurring maintenance cost, was phased out of the rules; this listing is a leftover."
54,Gear,232,,Plasma Carbine: self-powered,stat,2026-09-29,Plasma Carbine,Attack implementation,Plasma,Plasma (self-powered),"The Plasma Carbine's attack is self-powered Plasma. Its special ammunition requirement is built into that implementation, replacing the separate Prerequisite (special ammunition) limitation, and its Bleed is 3 (Minor): 2 free from Plasma plus 1 bought. Cost Rating unchanged (2)."
54,Gear,232,,Plasma Carbine: self-powered,stat,2026-09-29,Plasma Carbine,Limitation,Moderate: Prerequisite (special ammunition),none (built into Plasma (self-powered)),"The Plasma Carbine's attack is self-powered Plasma. Its special ammunition requirement is built into that implementation, replacing the separate Prerequisite (special ammunition) limitation, and its Bleed is 3 (Minor): 2 free from Plasma plus 1 bought. Cost Rating unchanged (2)."
54,Gear,232,,Plasma Carbine: self-powered,stat,2026-09-29,Plasma Carbine,Bleed,Minor 4 (2 free + 2 bought),Minor 3 (2 free + 1 bought),"The Plasma Carbine's attack is self-powered Plasma. Its special ammunition requirement is built into that implementation, replacing the separate Prerequisite (special ammunition) limitation, and its Bleed is 3 (Minor): 2 free from Plasma plus 1 bought. Cost Rating unchanged (2)."
55,Gear,233,,Explosive Grenade,stat,2026-09-26,Explosive Grenade,Weapon Multiplier,5x,6x,The Explosive Grenade's attack increases to 6x from 5x.
56,Gear,233,,Tactical Railgun,stat,2026-09-26,Tactical Railgun,Size,Medium,Small,"The Tactical Railgun is a Small item, not Medium. Its Hungry limitation is a Moderate limitation. Its attack remains 4x."
56,Gear,233,,Tactical Railgun,stat,2026-09-26,Tactical Railgun,Limitation grade: Hungry,Minor,Moderate,"The Tactical Railgun is a Small item, not Medium. Its Hungry limitation is a Moderate limitation. Its attack remains 4x."
57,Gear,233,,Tactical Missile Rack,stat,2026-09-27,Tactical Missile Rack,Limitation,none,"Slave (host unit), Moderate",The Tactical Missile Rack gains Limitation: Slave (Moderate). It is a module mounted on and powered by a host unit.
58,Gear,234,,Light Plasma Cannon,stat,,Light Plasma Cannon,Ammunition cost,5x,CR 1,Light Plasma cannon ammo now costs CR 1.
59,Gear,234,,Light Plasma Cannon,stat,2026-09-27,Light Plasma Cannon,Weapon Multiplier,4x,5x,The Light Plasma Cannon's attack increases to 5x from 4x. Its Bleed is 4 (Moderate): 2 free from the Plasma implementation plus 2 bought.
59,Gear,234,,Light Plasma Cannon,stat,2026-09-27,Light Plasma Cannon,Bleed,Major 2,Moderate 4 (2 free + 2 bought),The Light Plasma Cannon's attack increases to 5x from 4x. Its Bleed is 4 (Moderate): 2 free from the Plasma implementation plus 2 bought.
60,Gear,235,,Personal Psi Link,stat,,Personal Psi Link,Power Supply,Major Coil,Moderate Coil,"Personal Psi Link should read Moderate instead of Major Power Supply. Strain should be 10 not 25 - This is the most important change on the list, as starting Psionics were more powerful than intended as a result."
60,Gear,235,,Personal Psi Link,stat,,Personal Psi Link,Strain Threshold,25,10,"Personal Psi Link should read Moderate instead of Major Power Supply. Strain should be 10 not 25 - This is the most important change on the list, as starting Psionics were more powerful than intended as a result."
61,Gear,235,,Carry Comp,stat,2026-09-27,Carry Comp,Computer,Minor 3 (18 target),Minor 4 (20 target),"The Carry Comp's computer is rank 4 (20 target, 5 tasks), not rank 3."
62,Gear,235,,Personal Psi Link,stat,2026-09-27,Personal Psi Link,Charge,1 Moderate,2 Moderate,"The Personal Psi Link carries 2 Moderate Charge (20 days or 20 combat rounds), not 1. Its Cost Rating is 1 and its Character Creation cost is 1 (was CR 2, CC 3); the printed price matched its original Major Power Supply."
62,Gear,235,,Personal Psi Link,stat,2026-09-27,Personal Psi Link,CR,2,1,"The Personal Psi Link carries 2 Moderate Charge (20 days or 20 combat rounds), not 1. Its Cost Rating is 1 and its Character Creation cost is 1 (was CR 2, CC 3); the printed price matched its original Major Power Supply."
62,Gear,235,,Personal Psi Link,stat,2026-09-27,Personal Psi Link,CC,3,1,"The Personal Psi Link carries 2 Moderate Charge (20 days or 20 combat rounds), not 1. Its Cost Rating is 1 and its Character Creation cost is 1 (was CR 2, CC 3); the printed price matched its original Major Power Supply."
63,Gear,235,,Coil Stack Battery/Charger,stat,2026-09-28,Coil Stack Battery/Recharger,Size,Tiny,Small,"The Coil Stack Battery/Charger is Small, not Tiny (a Moderate Power Supply needs a Small item), and holds 2 Moderate Charge, not 1. CR 0, CC 0 (unchanged)."
63,Gear,235,,Coil Stack Battery/Charger,stat,2026-09-28,Coil Stack Battery/Recharger,Charge,1 Moderate,2 Moderate,"The Coil Stack Battery/Charger is Small, not Tiny (a Moderate Power Supply needs a Small item), and holds 2 Moderate Charge, not 1. CR 0, CC 0 (unchanged)."
64,Gear,236,,Personal G3P,stat,2026-09-27,Personal G3P,Tag rank: [Hobbyist Builder's Best Friend],1,3,The Personal G3P's [Hobbyist Builder's Best Friend] Tag is rank 3.
65,Gear,237,,Advanced Neural Interface Control Link,stat,2026-09-25,Advanced Neural Interface Control Link,"[Dance Along the Bleeding Edge, But You Might Get Cut]",Tag,Major Limitation,"The Advanced Neural Interface Control Link's [Dance Along the Bleeding Edge, But You Might Get Cut] is a Major Limitation, not a Tag: hacking that breaches the user's defenses can inflict physical damage."
66,Gear,237,,Basic Neural Interface Control Link,stat,2026-09-27,Basic Neural Interface Control Link (NICL),Modifier: Initiative,+2,+1,"The Basic Neural Interface Control Link's Initiative Modifier is +1, not +2."
67,Gear,237,,Reflex Enhancements,stat,2026-09-27,Reflex Enhancements,Tag,none,[Need For Speed],Reflex Enhancements gain the Tag [Need For Speed].
68,Gear,237,,Advanced Neural Interface Control Link,stat,2026-09-28,Advanced Neural Interface Control Link,Modifier,Initiative +3,Initiative +2,"The Advanced NICL's Initiative Modifier is +2, not +3; its Major Neural Interface already gives +3 Initiative when operating linked equipment, and the Modifier is the general bonus. [Dance Along the Bleeding Edge, But You Might Get Cut] splits in two: the Tag [Dance Along The Bleeding Edge 2] and the Major limitation [...But You Might Get Cut 2] (hacking that breaches the user's defenses can inflict physical damage). CR 1, CC 4 (unchanged)."
68,Gear,237,,Advanced Neural Interface Control Link,stat,2026-09-28,Advanced Neural Interface Control Link,Tag,none,[Dance Along The Bleeding Edge 2],"The Advanced NICL's Initiative Modifier is +2, not +3; its Major Neural Interface already gives +3 Initiative when operating linked equipment, and the Modifier is the general bonus. [Dance Along the Bleeding Edge, But You Might Get Cut] splits in two: the Tag [Dance Along The Bleeding Edge 2] and the Major limitation [...But You Might Get Cut 2] (hacking that breaches the user's defenses can inflict physical damage). CR 1, CC 4 (unchanged)."
68,Gear,237,,Advanced Neural Interface Control Link,stat,2026-09-28,Advanced Neural Interface Control Link,Limitation,"[Dance Along the Bleeding Edge, But You Might Get Cut] (Major)",[...But You Might Get Cut 2] (Major),"The Advanced NICL's Initiative Modifier is +2, not +3; its Major Neural Interface already gives +3 Initiative when operating linked equipment, and the Modifier is the general bonus. [Dance Along the Bleeding Edge, But You Might Get Cut] splits in two: the Tag [Dance Along The Bleeding Edge 2] and the Major limitation [...But You Might Get Cut 2] (hacking that breaches the user's defenses can inflict physical damage). CR 1, CC 4 (unchanged)."
69,Gear,237,,Basic Neural Interface Control Link,stat,2026-09-29,Basic Neural Interface Control Link (NICL),Modifier grade: Technical-class Skills,Minor,Major,"The Basic Neural Interface Control Link's Technical-class Skills +1 is a Major Modifier, since it covers a class of skills. Its Usage Restriction (skill modifiers only apply to linked gear) is Moderate, not Minor. Its Cost Rating is 1 (was 0)."
69,Gear,237,,Basic Neural Interface Control Link,stat,2026-09-29,Basic Neural Interface Control Link (NICL),Limitation grade: Usage Restriction,Minor,Moderate,"The Basic Neural Interface Control Link's Technical-class Skills +1 is a Major Modifier, since it covers a class of skills. Its Usage Restriction (skill modifiers only apply to linked gear) is Moderate, not Minor. Its Cost Rating is 1 (was 0)."
69,Gear,237,,Basic Neural Interface Control Link,stat,2026-09-29,Basic Neural Interface Control Link (NICL),CR,0,1,"The Basic Neural Interface Control Link's Technical-class Skills +1 is a Major Modifier, since it covers a class of skills. Its Usage Restriction (skill modifiers only apply to linked gear) is Moderate, not Minor. Its Cost Rating is 1 (was 0)."
70,Gear,237,,Advanced Neural Interface Control Link,stat,2026-09-29,Advanced Neural Interface Control Link,Modifier grade: Technical-class Skills,Minor,Major,"The Advanced Neural Interface Control Link's Technical-class Skills +1 is a Major Modifier, since it covers a class of skills. Its Usage Restriction (skill modifiers only apply to linked gear) is Moderate, not Minor. Its Cost Rating is 2 (was 1)."
70,Gear,237,,Advanced Neural Interface Control Link,stat,2026-09-29,Advanced Neural Interface Control Link,Limitation grade: Usage Restriction,Minor,Moderate,"The Advanced Neural Interface Control Link's Technical-class Skills +1 is a Major Modifier, since it covers a class of skills. Its Usage Restriction (skill modifiers only apply to linked gear) is Moderate, not Minor. Its Cost Rating is 2 (was 1)."
70,Gear,237,,Advanced Neural Interface Control Link,stat,2026-09-29,Advanced Neural Interface Control Link,CR,1,2,"The Advanced Neural Interface Control Link's Technical-class Skills +1 is a Major Modifier, since it covers a class of skills. Its Usage Restriction (skill modifiers only apply to linked gear) is Moderate, not Minor. Its Cost Rating is 2 (was 1)."
71,Gear,238,,Psi Amp,stat,,Psi Amp,Psionic Strain,+25,+10,The Psionic Strain on Psi Amps reduced from +25 to +10.
72,Gear,238,,Telekinetic Shuttle,stat,,Telekinetic Shuttle,Link,none,Major Psi,The Telekinetic Shuttle now has a Major Psi Link.
73,Gear,238,,Psi Amp,stat,2026-09-28,Psi Amp,Psionic Strain,+10,"+5 initial (Counter: Strain, 1 rank)","The Psi Amp is rebuilt. Its initial hit is +5 Psionic Strain (Counter: Strain, 1 rank), followed by Regeneration: Strain 5 (Major, every round) for its Duration of 10 combat rounds (1 Minor Resource rank). [Euphoria] is a Minor limitation. This supersedes the earlier +10 Strain erratum. CR 1, CC 1 (unchanged)."
73,Gear,238,,Psi Amp,stat,2026-09-28,Psi Amp,Regeneration,none,"Strain 5, Major (every round)","The Psi Amp is rebuilt. Its initial hit is +5 Psionic Strain (Counter: Strain, 1 rank), followed by Regeneration: Strain 5 (Major, every round) for its Duration of 10 combat rounds (1 Minor Resource rank). [Euphoria] is a Minor limitation. This supersedes the earlier +10 Strain erratum. CR 1, CC 1 (unchanged)."
73,Gear,238,,Psi Amp,stat,2026-09-28,Psi Amp,Duration,10 combat rounds or 1 hour,1 Minor Resource rank (10 combat rounds),"The Psi Amp is rebuilt. Its initial hit is +5 Psionic Strain (Counter: Strain, 1 rank), followed by Regeneration: Strain 5 (Major, every round) for its Duration of 10 combat rounds (1 Minor Resource rank). [Euphoria] is a Minor limitation. This supersedes the earlier +10 Strain erratum. CR 1, CC 1 (unchanged)."
73,Gear,238,,Psi Amp,stat,2026-09-28,Psi Amp,Limitation,[Euphoria] (Drawback Tag),[Euphoria] (Minor),"The Psi Amp is rebuilt. Its initial hit is +5 Psionic Strain (Counter: Strain, 1 rank), followed by Regeneration: Strain 5 (Major, every round) for its Duration of 10 combat rounds (1 Minor Resource rank). [Euphoria] is a Minor limitation. This supersedes the earlier +10 Strain erratum. CR 1, CC 1 (unchanged)."
74,Gear,238,,Psi Damp,stat,2026-09-28,Psi Damp,Psionic Strain,−25,"−25 (Counter: Strain, 5 ranks)","The Psi Damp is costed as Counter: Strain, 5 ranks (−25 Psionic Strain), with a Duration of 1 day (1 Moderate Resource rank). [It Itches In My Brain] becomes [It Itches In My Brain 3], a Moderate limitation. CR 1, CC 1 (unchanged)."
74,Gear,238,,Psi Damp,stat,2026-09-28,Psi Damp,Duration,1 day,1 Moderate Resource rank (1 day),"The Psi Damp is costed as Counter: Strain, 5 ranks (−25 Psionic Strain), with a Duration of 1 day (1 Moderate Resource rank). [It Itches In My Brain] becomes [It Itches In My Brain 3], a Moderate limitation. CR 1, CC 1 (unchanged)."
74,Gear,238,,Psi Damp,stat,2026-09-28,Psi Damp,Limitation,[It Itches in My Brain] (Drawback Tag),[It Itches In My Brain 3] (Moderate),"The Psi Damp is costed as Counter: Strain, 5 ranks (−25 Psionic Strain), with a Duration of 1 day (1 Moderate Resource rank). [It Itches In My Brain] becomes [It Itches In My Brain 3], a Moderate limitation. CR 1, CC 1 (unchanged)."
75,Gear,239,,"""Fluffy""",stat,2026-09-26,“Fluffy”,Armor Rating,2 (Firefight),3 (Firefight),"""Fluffy"" has Armor Rating 3 (Firefight), not 2."
76,Gear,239,,Creatures: Drive,stat,2026-09-28,“Fluffy”,Drive,none,Minor Land (legs),"""Fluffy"" and the Monster in the Dark gain Drive: Minor Land (legs), which carries their Maneuver 1."
76,Gear,239,,Creatures: Drive,stat,2026-09-28,Monster in the Dark,Drive,none,Minor Land (legs),"""Fluffy"" and the Monster in the Dark gain Drive: Minor Land (legs), which carries their Maneuver 1."
77,Gear,240,,Family Transport,stat,2026-09-27,Family Transport,Fuel,5 Minor,2 Minor,"The Family Transport's fuel is 2 Minor Fuel (20 days/combat rounds), not 5, and its Drive Task is 15, not 16."
77,Gear,240,,Family Transport,stat,2026-09-27,Family Transport,Task: Drive,16,15,"The Family Transport's fuel is 2 Minor Fuel (20 days/combat rounds), not 5, and its Drive Task is 15, not 16."
78,Gear,240,,Colonial Personal Transport (Hoverbike),stat,2026-09-28,Colonial Personal Transport (Hoverbike),Armor Rating,1 (Firefight),2 (Firefight),"The Colonial Personal Transport (Hoverbike) has Armor Rating 2 (Firefight), not 1. Replace ""Cover: Moderate (Partial)"" with Limitation: Partial Armor (Moderate); an aimed shot bypasses its armor."
78,Gear,240,,Colonial Personal Transport (Hoverbike),stat,2026-09-28,Colonial Personal Transport (Hoverbike),Cover,Moderate (Partial),none,"The Colonial Personal Transport (Hoverbike) has Armor Rating 2 (Firefight), not 1. Replace ""Cover: Moderate (Partial)"" with Limitation: Partial Armor (Moderate); an aimed shot bypasses its armor."
78,Gear,240,,Colonial Personal Transport (Hoverbike),stat,2026-09-28,Colonial Personal Transport (Hoverbike),Limitation,none,Partial Armor (Moderate),"The Colonial Personal Transport (Hoverbike) has Armor Rating 2 (Firefight), not 1. Replace ""Cover: Moderate (Partial)"" with Limitation: Partial Armor (Moderate); an aimed shot bypasses its armor."
79,Gear,241,,Speedster,stat,2026-09-27,Speedster,Modifier,none,Drive +2,The Speedster gains Modifier: Drive +2 and the Free Tag [...And Turns A Few Heads 3].
79,Gear,241,,Speedster,stat,2026-09-27,Speedster,Tag,none,[...And Turns A Few Heads 3] (Free),The Speedster gains Modifier: Drive +2 and the Free Tag [...And Turns A Few Heads 3].
80,Gear,242,,Light Performance Aircraft,stat,2026-09-26,Light Performance Aircraft,Armor Rating,1 (Firefight),2 (Firefight),"The Light Performance Aircraft has Armor Rating 2 (Firefight), not 1."
81,Gear,242,,Light Air Transport,stat,2026-09-27,Light Air Transport,Tasks,Autopilot 20,"Autopilot 20, Intrusion Detection 17",The Light Air Transport gains Task: Intrusion Detection 17.
82,Gear,242,,Light Performance Aircraft: life support,stat,2026-09-28,Light Performance Aircraft,Life Support,Moderate (12 people),3 Minor (3 people),"The Light Performance Aircraft has Life Support: 3 Minor (3 people), not 1 Moderate (12 people); it is a 2–3 seat craft."
83,Gear,243,,Cargo Transport,stat,2026-09-27,Cargo Transport,Tag rank: [Security],1,2,"The Cargo Transport's Tag is [Security 2], not [Security]."
84,Gear,243,,Armored Cargo Transport: Body Track,stat,2026-09-28,Armored Cargo Transport,Body Track,80,90,"The Armored Cargo Transport's Body Track is 90, not 80 (80 isn't a whole Large increment; 90 costs the same)."
85,Gear,243,,Armored Cargo Transport: computer,stat,2026-09-28,Armored Cargo Transport,Computer,Minor 3 (18 target),Minor 4 (20 target),"The Armored Cargo Transport's computer is Minor rank 4 (20 target, 5 tasks), not rank 3, so it can run its Intrusion Detection 20 Task."
86,Gear,244,,Air Transport,stat,2026-09-27,Air Transport,Armor Rating,1 (Battlefield),2 (Battlefield),"The Air Transport has Armor Rating 2 (Battlefield), not 1, and Maneuver 2, not 1. Its cargo is 3 Major, not 3 Moderate, and it gains Life Support: Moderate (12 passengers). Its computer is rank 3 (18 target, 5 tasks), not rank 2, and it gains Task: Intrusion Detection 17."
86,Gear,244,,Air Transport,stat,2026-09-27,Air Transport,Maneuver,1,2,"The Air Transport has Armor Rating 2 (Battlefield), not 1, and Maneuver 2, not 1. Its cargo is 3 Major, not 3 Moderate, and it gains Life Support: Moderate (12 passengers). Its computer is rank 3 (18 target, 5 tasks), not rank 2, and it gains Task: Intrusion Detection 17."
86,Gear,244,,Air Transport,stat,2026-09-27,Air Transport,Cargo,3 Moderate,3 Major,"The Air Transport has Armor Rating 2 (Battlefield), not 1, and Maneuver 2, not 1. Its cargo is 3 Major, not 3 Moderate, and it gains Life Support: Moderate (12 passengers). Its computer is rank 3 (18 target, 5 tasks), not rank 2, and it gains Task: Intrusion Detection 17."
86,Gear,244,,Air Transport,stat,2026-09-27,Air Transport,Life Support,none,Moderate (12 people),"The Air Transport has Armor Rating 2 (Battlefield), not 1, and Maneuver 2, not 1. Its cargo is 3 Major, not 3 Moderate, and it gains Life Support: Moderate (12 passengers). Its computer is rank 3 (18 target, 5 tasks), not rank 2, and it gains Task: Intrusion Detection 17."
86,Gear,244,,Air Transport,stat,2026-09-27,Air Transport,Computer,Minor 2 (16 target),Minor 3 (18 target),"The Air Transport has Armor Rating 2 (Battlefield), not 1, and Maneuver 2, not 1. Its cargo is 3 Major, not 3 Moderate, and it gains Life Support: Moderate (12 passengers). Its computer is rank 3 (18 target, 5 tasks), not rank 2, and it gains Task: Intrusion Detection 17."
86,Gear,244,,Air Transport,stat,2026-09-27,Air Transport,Tasks,Pilot 16,"Pilot 16, Intrusion Detection 17","The Air Transport has Armor Rating 2 (Battlefield), not 1, and Maneuver 2, not 1. Its cargo is 3 Major, not 3 Moderate, and it gains Life Support: Moderate (12 passengers). Its computer is rank 3 (18 target, 5 tasks), not rank 2, and it gains Task: Intrusion Detection 17."
87,Gear,244,,Air Transport: Body Track,stat,2026-09-28,Air Transport,Body Track,80,90,"The Air Transport's Body Track is 90, not 80 (80 isn't a whole Large increment; 90 costs the same)."
88,Gear,244,,Assault Platform: Body Track,stat,2026-09-28,Assault Platform,Body Track,80,90,"The Assault Platform's Body Track is 90, not 80 (80 isn't a whole Large increment; 90 costs the same)."
89,Gear,245,,Attack Hovercraft,stat,2026-09-26,Attack Hovercraft,Weapon Multiplier (single target),4x,5x,The Attack Hovercraft's heavy railgun single-target attack increases to 5x from 4x. The burst fire mode remains 4x.
90,Gear,245,,Armored Personnel Carrier,stat,2026-09-26,Armored Personnel Carrier,Armor Rating,3 (Battlefield),4 (Battlefield),"The Armored Personnel Carrier has Armor Rating 4 (Battlefield), not 3. Its heavy gauss gun's single-target attack increases to 5x from 4x; the burst fire mode remains 4x. Its troop bay is a Major Hangar, not Minor."
90,Gear,245,,Armored Personnel Carrier,stat,2026-09-26,Armored Personnel Carrier,Weapon Multiplier (single target),4x,5x,"The Armored Personnel Carrier has Armor Rating 4 (Battlefield), not 3. Its heavy gauss gun's single-target attack increases to 5x from 4x; the burst fire mode remains 4x. Its troop bay is a Major Hangar, not Minor."
90,Gear,245,,Armored Personnel Carrier,stat,2026-09-26,Armored Personnel Carrier,Hangar,Minor,Major,"The Armored Personnel Carrier has Armor Rating 4 (Battlefield), not 3. Its heavy gauss gun's single-target attack increases to 5x from 4x; the burst fire mode remains 4x. Its troop bay is a Major Hangar, not Minor."
91,Gear,245,,Armored Personnel Carrier: power,stat,2026-09-28,Armored Personnel Carrier,Power Supply,Moderate Fusion 1,Moderate Fusion 2,"The Armored Personnel Carrier's Power Supply is Moderate Fusion rank 2, not rank 1, so its 2 Weapon Links have power for linked weapons. Its Total Power Slots read 3 Minor (0 used), 6 Moderate (2 used)."
91,Gear,245,,Armored Personnel Carrier: power,stat,2026-09-28,Armored Personnel Carrier,Total Power Slots,"3 Minor (2 used), 3 Moderate (0 used)","3 Minor (0 used), 6 Moderate (2 used)","The Armored Personnel Carrier's Power Supply is Moderate Fusion rank 2, not rank 1, so its 2 Weapon Links have power for linked weapons. Its Total Power Slots read 3 Minor (0 used), 6 Moderate (2 used)."
92,Gear,245,,Attack Hovercraft: power,stat,2026-09-28,Attack Hovercraft,Power Supply,Moderate Fusion 1,Moderate Fusion 2,"The Attack Hovercraft's Power Supply is Moderate Fusion rank 2, not rank 1, so its 3 Weapon Links have power for linked weapons. Its Total Power Slots read 3 Minor (0 used), 6 Moderate (2 used)."
92,Gear,245,,Attack Hovercraft: power,stat,2026-09-28,Attack Hovercraft,Total Power Slots,"3 Minor (0 used), 3 Moderate (3 used)","3 Minor (0 used), 6 Moderate (2 used)","The Attack Hovercraft's Power Supply is Moderate Fusion rank 2, not rank 1, so its 3 Weapon Links have power for linked weapons. Its Total Power Slots read 3 Minor (0 used), 6 Moderate (2 used)."
93,Gear,245,,Attack Hovercraft: Body Track,stat,2026-09-28,Attack Hovercraft,Body Track,80,90,"The Attack Hovercraft's Body Track is 90, not 80 (80 isn't a whole Large increment; 90 costs the same)."
94,Gear,245,,Armored Personnel Carrier: Body Track,stat,2026-09-28,Armored Personnel Carrier,Body Track,80,90,"The Armored Personnel Carrier's Body Track is 90, not 80 (80 isn't a whole Large increment; 90 costs the same)."
95,Gear,246,,Autonomous Kill Vehicle,stat,2026-09-26,Autonomous Kill Vehicle (“Auntie”),Weapon Multiplier,4x,5x,"The Autonomous Kill Vehicle's light particle beam increases to 5x from 4x. It gains a Major Coil Power Supply (rank 1) with 1 Major Charge (10 combat rounds) to power the beam. Its Maneuver drops to 3 from 5. Its ""ineffective at Far Range"" restriction becomes a Moderate Limitation: No Far Range. Total Power Slots: 3 Moderate (0 used), 3 Major (1 used)."
95,Gear,246,,Autonomous Kill Vehicle,stat,2026-09-26,Autonomous Kill Vehicle (“Auntie”),Power Supply,none,"Major Coil, rank 1","The Autonomous Kill Vehicle's light particle beam increases to 5x from 4x. It gains a Major Coil Power Supply (rank 1) with 1 Major Charge (10 combat rounds) to power the beam. Its Maneuver drops to 3 from 5. Its ""ineffective at Far Range"" restriction becomes a Moderate Limitation: No Far Range. Total Power Slots: 3 Moderate (0 used), 3 Major (1 used)."
95,Gear,246,,Autonomous Kill Vehicle,stat,2026-09-26,Autonomous Kill Vehicle (“Auntie”),Charge,none,1 Major (10 combat rounds),"The Autonomous Kill Vehicle's light particle beam increases to 5x from 4x. It gains a Major Coil Power Supply (rank 1) with 1 Major Charge (10 combat rounds) to power the beam. Its Maneuver drops to 3 from 5. Its ""ineffective at Far Range"" restriction becomes a Moderate Limitation: No Far Range. Total Power Slots: 3 Moderate (0 used), 3 Major (1 used)."
95,Gear,246,,Autonomous Kill Vehicle,stat,2026-09-26,Autonomous Kill Vehicle (“Auntie”),Maneuver,5,3,"The Autonomous Kill Vehicle's light particle beam increases to 5x from 4x. It gains a Major Coil Power Supply (rank 1) with 1 Major Charge (10 combat rounds) to power the beam. Its Maneuver drops to 3 from 5. Its ""ineffective at Far Range"" restriction becomes a Moderate Limitation: No Far Range. Total Power Slots: 3 Moderate (0 used), 3 Major (1 used)."
95,Gear,246,,Autonomous Kill Vehicle,stat,2026-09-26,Autonomous Kill Vehicle (“Auntie”),Limitation,"Usage Restriction (ineffective at Far Range), Minor","No Far Range, Moderate","The Autonomous Kill Vehicle's light particle beam increases to 5x from 4x. It gains a Major Coil Power Supply (rank 1) with 1 Major Charge (10 combat rounds) to power the beam. Its Maneuver drops to 3 from 5. Its ""ineffective at Far Range"" restriction becomes a Moderate Limitation: No Far Range. Total Power Slots: 3 Moderate (0 used), 3 Major (1 used)."
95,Gear,246,,Autonomous Kill Vehicle,stat,2026-09-26,Autonomous Kill Vehicle (“Auntie”),Total Power Slots,3 Moderate (1 used),"3 Moderate (0 used), 3 Major (1 used)","The Autonomous Kill Vehicle's light particle beam increases to 5x from 4x. It gains a Major Coil Power Supply (rank 1) with 1 Major Charge (10 combat rounds) to power the beam. Its Maneuver drops to 3 from 5. Its ""ineffective at Far Range"" restriction becomes a Moderate Limitation: No Far Range. Total Power Slots: 3 Moderate (0 used), 3 Major (1 used)."
96,Gear,246,,Recon Drone,stat,2026-09-28,Recon Drone,Maneuver,5,4,"The Recon Drone's Maneuver is 4, not 5 (the maximum is 4). Its computer is Minor rank 3 (18 target, 5 tasks), not rank 2, so it can run its Piloting 18 Task."
96,Gear,246,,Recon Drone,stat,2026-09-28,Recon Drone,Computer,Minor 2 (16 target),Minor 3 (18 target),"The Recon Drone's Maneuver is 4, not 5 (the maximum is 4). Its computer is Minor rank 3 (18 target, 5 tasks), not rank 2, so it can run its Piloting 18 Task."
97,Gear,247,,Stealth FTL Recon Drone,replacement,2026-09-25,Stealth FTL Recon Drone,CR,5,6,"The Stealth FTL Recon Drone's stat block is replaced. The original build left out the cost of its Shrouded Hull. Corrected stats: Size Medium, CR 6, CC 21. Armor Rating 1 (Space, Shrouded); Body Track 10. Drives: Moderate Reaction, Major Gravitic, Maneuver 2; Resource: 2 Major Fuel (shared by both Drives). Communications: Major (Ansible; Resource: 1 Major Tangle). Computer: Minor 4 (20 target, 5 tasks); Tasks: Piloting 17, Detection 19, Intrusion Detection 15. Tags: [Security 2], [I Spy with my Little Eye...]. Limitations: One Track Mind (Moderate; follows its programmed route), One-Time Use (Major; each drone is burned out by its run and requires an extended Engineering roll to be brought back into service). Total Power Slots: 3 Moderate (0 used), 3 Major (0 used)."
97,Gear,247,,Stealth FTL Recon Drone,replacement,2026-09-25,Stealth FTL Recon Drone,CC,15,21,"The Stealth FTL Recon Drone's stat block is replaced. The original build left out the cost of its Shrouded Hull. Corrected stats: Size Medium, CR 6, CC 21. Armor Rating 1 (Space, Shrouded); Body Track 10. Drives: Moderate Reaction, Major Gravitic, Maneuver 2; Resource: 2 Major Fuel (shared by both Drives). Communications: Major (Ansible; Resource: 1 Major Tangle). Computer: Minor 4 (20 target, 5 tasks); Tasks: Piloting 17, Detection 19, Intrusion Detection 15. Tags: [Security 2], [I Spy with my Little Eye...]. Limitations: One Track Mind (Moderate; follows its programmed route), One-Time Use (Major; each drone is burned out by its run and requires an extended Engineering roll to be brought back into service). Total Power Slots: 3 Moderate (0 used), 3 Major (0 used)."
97,Gear,247,,Stealth FTL Recon Drone,replacement,2026-09-25,Stealth FTL Recon Drone,Body Track,15,10,"The Stealth FTL Recon Drone's stat block is replaced. The original build left out the cost of its Shrouded Hull. Corrected stats: Size Medium, CR 6, CC 21. Armor Rating 1 (Space, Shrouded); Body Track 10. Drives: Moderate Reaction, Major Gravitic, Maneuver 2; Resource: 2 Major Fuel (shared by both Drives). Communications: Major (Ansible; Resource: 1 Major Tangle). Computer: Minor 4 (20 target, 5 tasks); Tasks: Piloting 17, Detection 19, Intrusion Detection 15. Tags: [Security 2], [I Spy with my Little Eye...]. Limitations: One Track Mind (Moderate; follows its programmed route), One-Time Use (Major; each drone is burned out by its run and requires an extended Engineering roll to be brought back into service). Total Power Slots: 3 Moderate (0 used), 3 Major (0 used)."
97,Gear,247,,Stealth FTL Recon Drone,replacement,2026-09-25,Stealth FTL Recon Drone,Fuel,5 Moderate + 1 Major,2 Major (shared),"The Stealth FTL Recon Drone's stat block is replaced. The original build left out the cost of its Shrouded Hull. Corrected stats: Size Medium, CR 6, CC 21. Armor Rating 1 (Space, Shrouded); Body Track 10. Drives: Moderate Reaction, Major Gravitic, Maneuver 2; Resource: 2 Major Fuel (shared by both Drives). Communications: Major (Ansible; Resource: 1 Major Tangle). Computer: Minor 4 (20 target, 5 tasks); Tasks: Piloting 17, Detection 19, Intrusion Detection 15. Tags: [Security 2], [I Spy with my Little Eye...]. Limitations: One Track Mind (Moderate; follows its programmed route), One-Time Use (Major; each drone is burned out by its run and requires an extended Engineering roll to be brought back into service). Total Power Slots: 3 Moderate (0 used), 3 Major (0 used)."
97,Gear,247,,Stealth FTL Recon Drone,replacement,2026-09-25,Stealth FTL Recon Drone,Maneuver,4,2 (Major grade),"The Stealth FTL Recon Drone's stat block is replaced. The original build left out the cost of its Shrouded Hull. Corrected stats: Size Medium, CR 6, CC 21. Armor Rating 1 (Space, Shrouded); Body Track 10. Drives: Moderate Reaction, Major Gravitic, Maneuver 2; Resource: 2 Major Fuel (shared by both Drives). Communications: Major (Ansible; Resource: 1 Major Tangle). Computer: Minor 4 (20 target, 5 tasks); Tasks: Piloting 17, Detection 19, Intrusion Detection 15. Tags: [Security 2], [I Spy with my Little Eye...]. Limitations: One Track Mind (Moderate; follows its programmed route), One-Time Use (Major; each drone is burned out by its run and requires an extended Engineering roll to be brought back into service). Total Power Slots: 3 Moderate (0 used), 3 Major (0 used)."
97,Gear,247,,Stealth FTL Recon Drone,replacement,2026-09-25,Stealth FTL Recon Drone,Tangle,2 Major,1 Major,"The Stealth FTL Recon Drone's stat block is replaced. The original build left out the cost of its Shrouded Hull. Corrected stats: Size Medium, CR 6, CC 21. Armor Rating 1 (Space, Shrouded); Body Track 10. Drives: Moderate Reaction, Major Gravitic, Maneuver 2; Resource: 2 Major Fuel (shared by both Drives). Communications: Major (Ansible; Resource: 1 Major Tangle). Computer: Minor 4 (20 target, 5 tasks); Tasks: Piloting 17, Detection 19, Intrusion Detection 15. Tags: [Security 2], [I Spy with my Little Eye...]. Limitations: One Track Mind (Moderate; follows its programmed route), One-Time Use (Major; each drone is burned out by its run and requires an extended Engineering roll to be brought back into service). Total Power Slots: 3 Moderate (0 used), 3 Major (0 used)."
97,Gear,247,,Stealth FTL Recon Drone,replacement,2026-09-25,Stealth FTL Recon Drone,Tags,"[High Security 3], [I Spy with my Little Eye...]","[Security 2], [I Spy with my Little Eye...]","The Stealth FTL Recon Drone's stat block is replaced. The original build left out the cost of its Shrouded Hull. Corrected stats: Size Medium, CR 6, CC 21. Armor Rating 1 (Space, Shrouded); Body Track 10. Drives: Moderate Reaction, Major Gravitic, Maneuver 2; Resource: 2 Major Fuel (shared by both Drives). Communications: Major (Ansible; Resource: 1 Major Tangle). Computer: Minor 4 (20 target, 5 tasks); Tasks: Piloting 17, Detection 19, Intrusion Detection 15. Tags: [Security 2], [I Spy with my Little Eye...]. Limitations: One Track Mind (Moderate; follows its programmed route), One-Time Use (Major; each drone is burned out by its run and requires an extended Engineering roll to be brought back into service). Total Power Slots: 3 Moderate (0 used), 3 Major (0 used)."
97,Gear,247,,Stealth FTL Recon Drone,replacement,2026-09-25,Stealth FTL Recon Drone,Limitations,none,"One Track Mind (Moderate), One-Time Use (Major)","The Stealth FTL Recon Drone's stat block is replaced. The original build left out the cost of its Shrouded Hull. Corrected stats: Size Medium, CR 6, CC 21. Armor Rating 1 (Space, Shrouded); Body Track 10. Drives: Moderate Reaction, Major Gravitic, Maneuver 2; Resource: 2 Major Fuel (shared by both Drives). Communications: Major (Ansible; Resource: 1 Major Tangle). Computer: Minor 4 (20 target, 5 tasks); Tasks: Piloting 17, Detection 19, Intrusion Detection 15. Tags: [Security 2], [I Spy with my Little Eye...]. Limitations: One Track Mind (Moderate; follows its programmed route), One-Time Use (Major; each drone is burned out by its run and requires an extended Engineering roll to be brought back into service). Total Power Slots: 3 Moderate (0 used), 3 Major (0 used)."
98,Gear,248,,Telekinetic Shuttle: Charge,typo,2026-09-28,Telekinetic Shuttle,Resource,2 Major Fuel,2 Major Charge,"The Telekinetic Shuttle's Coil Power Supply runs on 2 Major Charge, not 2 Major Fuel."
99,Gear,249,,Shuttle/Yacht,stat,2026-09-27,Shuttle/Yacht,Tasks,none,Pilot 17,"The Shuttle/Yacht gains Task: Pilot 17 and the Free Tag [The Grand Tour 3]. Its Tangle is 2 ranks (20 days), not 1."
99,Gear,249,,Shuttle/Yacht,stat,2026-09-27,Shuttle/Yacht,Tag,none,[The Grand Tour 3] (Free),"The Shuttle/Yacht gains Task: Pilot 17 and the Free Tag [The Grand Tour 3]. Its Tangle is 2 ranks (20 days), not 1."
99,Gear,249,,Shuttle/Yacht,stat,2026-09-27,Shuttle/Yacht,Tangle,1,2 (20 days),"The Shuttle/Yacht gains Task: Pilot 17 and the Free Tag [The Grand Tour 3]. Its Tangle is 2 ranks (20 days), not 1."
100,Gear,250,,Locust Mobile Industrial Platform,stat,2026-09-27,Locust Mobile Industrial Platform,Armor Rating,1 (Space),2 (Space),"The Locust Mobile Industrial Platform has Armor Rating 2 (Space), not 1, and a Body Track of 250, not 200. It has Maneuver 1."
100,Gear,250,,Locust Mobile Industrial Platform,stat,2026-09-27,Locust Mobile Industrial Platform,Body Track,200,250,"The Locust Mobile Industrial Platform has Armor Rating 2 (Space), not 1, and a Body Track of 250, not 200. It has Maneuver 1."
100,Gear,250,,Locust Mobile Industrial Platform,stat,2026-09-27,Locust Mobile Industrial Platform,Maneuver,none,1,"The Locust Mobile Industrial Platform has Armor Rating 2 (Space), not 1, and a Body Track of 250, not 200. It has Maneuver 1."
101,Gear,250,,Locust: power slots,typo,2026-09-28,Locust Mobile Industrial Platform,Total Power Slots,6 (3 used),6 Major (3 used),The Locust Mobile Industrial Platform's Total Power Slots read 6 Major (3 used); the grade was missing.
102,Gear,251,,Factory Freighter,stat,2026-09-27,Factory Freighter,Drive,Major Reaction,Moderate Reaction,"The Factory Freighter's Reaction Drive is Moderate, not Major. It has 2 Major Hangars, not 3, and 5 Major Life Support (500 people), not 6. Its computer is Major rank 3 (18 target); delete ""5 tasks"", since a Major computer runs unlimited tasks. Its CR is 9 and CC 45, not CR 8 and CC 36. Total Power Slots: 3 Major and 3 Moderate, 3 Major used."
102,Gear,251,,Factory Freighter,stat,2026-09-27,Factory Freighter,Hangar,3 Major,2 Major,"The Factory Freighter's Reaction Drive is Moderate, not Major. It has 2 Major Hangars, not 3, and 5 Major Life Support (500 people), not 6. Its computer is Major rank 3 (18 target); delete ""5 tasks"", since a Major computer runs unlimited tasks. Its CR is 9 and CC 45, not CR 8 and CC 36. Total Power Slots: 3 Major and 3 Moderate, 3 Major used."
102,Gear,251,,Factory Freighter,stat,2026-09-27,Factory Freighter,Life Support,6 Major (600 people),5 Major (500 people),"The Factory Freighter's Reaction Drive is Moderate, not Major. It has 2 Major Hangars, not 3, and 5 Major Life Support (500 people), not 6. Its computer is Major rank 3 (18 target); delete ""5 tasks"", since a Major computer runs unlimited tasks. Its CR is 9 and CC 45, not CR 8 and CC 36. Total Power Slots: 3 Major and 3 Moderate, 3 Major used."
102,Gear,251,,Factory Freighter,stat,2026-09-27,Factory Freighter,Computer,"Major 3 (18 target, 5 tasks)",Major 3 (18 target),"The Factory Freighter's Reaction Drive is Moderate, not Major. It has 2 Major Hangars, not 3, and 5 Major Life Support (500 people), not 6. Its computer is Major rank 3 (18 target); delete ""5 tasks"", since a Major computer runs unlimited tasks. Its CR is 9 and CC 45, not CR 8 and CC 36. Total Power Slots: 3 Major and 3 Moderate, 3 Major used."
102,Gear,251,,Factory Freighter,stat,2026-09-27,Factory Freighter,CR,8,9,"The Factory Freighter's Reaction Drive is Moderate, not Major. It has 2 Major Hangars, not 3, and 5 Major Life Support (500 people), not 6. Its computer is Major rank 3 (18 target); delete ""5 tasks"", since a Major computer runs unlimited tasks. Its CR is 9 and CC 45, not CR 8 and CC 36. Total Power Slots: 3 Major and 3 Moderate, 3 Major used."
102,Gear,251,,Factory Freighter,stat,2026-09-27,Factory Freighter,CC,36,45,"The Factory Freighter's Reaction Drive is Moderate, not Major. It has 2 Major Hangars, not 3, and 5 Major Life Support (500 people), not 6. Its computer is Major rank 3 (18 target); delete ""5 tasks"", since a Major computer runs unlimited tasks. Its CR is 9 and CC 45, not CR 8 and CC 36. Total Power Slots: 3 Major and 3 Moderate, 3 Major used."
103,Gear,252,,Security Escort/Corsair: power slots,typo,2026-09-28,Security Escort/Corsair,Total Power Slots,9 Major (4 used),"6 Major (2 used), 3 Moderate (0 used)","The Security Escort/Corsair's Total Power Slots read 6 Major (2 used), 3 Moderate (0 used), not 9 Major (4 used). Weapons fitted to its Weapon Links draw further slots."
104,Gear,252,,Standard Assault Shuttle: launchers,stat,2026-09-28,Standard Assault Shuttle,Launchers,2 (Space),4 (Space),"The Standard Assault Shuttle carries 4 Launchers (Space), not 2."
105,Gear,252,,Standard Assault Shuttle: radio,stat,2026-09-28,Standard Assault Shuttle,Communications,none,Moderate (Radio),The Standard Assault Shuttle gains Communications: Moderate (Radio).
106,Gear,253,,Tanker/Command Ship,stat,2026-09-25,Tanker/Command Ship,Fuel,100 Major Fuel (Resource),Bulk fuel stores carried as Cargo,"The Tanker/Command Ship's 100 ranks of Major Fuel are bulk fuel stores carried as Cargo, not the ship's own Fuel Resource. Pumping fuel from the storage tanks into a ship's systems requires an Engineering check."
107,Gear,253,,Tanker/Command Ship,stat,2026-09-26,Tanker/Command Ship,Armor Rating,3 (Space),4 (Space),"The Tanker/Command Ship has Armor Rating 4 (Space), not 3."
108,Gear,253,,Tanker/Command Ship: own fuel,stat,2026-09-28,Tanker/Command Ship,Fuel,not printed,10 Major (100 days),"The Tanker/Command Ship's own Fuel Resource is 10 Major (100 days/combat rounds), separate from the bulk fuel it carries as Cargo."
109,Gear,253,,System Defense Craft: alternate forms,clarification,2026-09-28,System Defense Craft (Pocket Cruiser),Alternate forms: missile array,missile array,4 Launchers,"In the System Defense Craft's alternate forms, ""missile array"" means its 4 Launchers and ""particle cannon"" means its heavy railgun (the name from an earlier draft). The Strike Craft removes the 4 Launchers; the Torpedo Boat removes the heavy railgun."
109,Gear,253,,System Defense Craft: alternate forms,clarification,2026-09-28,System Defense Craft (Pocket Cruiser),Alternate forms: particle cannon,particle cannon,heavy railgun,"In the System Defense Craft's alternate forms, ""missile array"" means its 4 Launchers and ""particle cannon"" means its heavy railgun (the name from an earlier draft). The Strike Craft removes the 4 Launchers; the Torpedo Boat removes the heavy railgun."
110,Gear,254,,Dragon-class Fleet Interceptor/Escort,stat,2026-09-25,Dragon-class Fleet Interceptor/Escort,Power Supply,none,"Major Fusion, rank 1 (auxiliary)",The Dragon-class Fleet Interceptor/Escort is missing the auxiliary Major Fusion Power Supply described in its design notes. Its Power Slots become 6 Moderate and 3 Major.
110,Gear,254,,Dragon-class Fleet Interceptor/Escort,stat,2026-09-25,Dragon-class Fleet Interceptor/Escort,Total Power Slots,6 Moderate (6 used),"6 Moderate, 3 Major",The Dragon-class Fleet Interceptor/Escort is missing the auxiliary Major Fusion Power Supply described in its design notes. Its Power Slots become 6 Moderate and 3 Major.
111,Gear,254,,Dragon-class Fleet Interceptor/Escort,stat,2026-09-28,Dragon-class Fleet Interceptor/Escort,Drive,Moderate Air,Minor Air,"The Dragon-class Fleet Interceptor/Escort's Air Drive is Minor, not Moderate; its drives are a Moderate in-system Reaction Drive and a Minor Air Drive. It carries 8 Launchers (Space), not 6."
111,Gear,254,,Dragon-class Fleet Interceptor/Escort,stat,2026-09-28,Dragon-class Fleet Interceptor/Escort,Launchers,6 (Space),8 (Space),"The Dragon-class Fleet Interceptor/Escort's Air Drive is Minor, not Moderate; its drives are a Moderate in-system Reaction Drive and a Minor Air Drive. It carries 8 Launchers (Space), not 6."
112,Gear,254,,Dragon-class Fleet Interceptor/Escort: fuel,stat,2026-09-28,Dragon-class Fleet Interceptor/Escort,Fuel,2 Moderate,2 Major,"The Dragon-class Fleet Interceptor/Escort carries 2 Major Fuel (20 days/combat rounds), not 2 Moderate, so it can run its Major Fusion reactor as well as its drives."
113,Gear,255,,Bridgehead Assault Shuttle,stat,2026-09-26,Bridgehead Assault Shuttle,Armor Rating,3 (Space),4 (Space),"The Bridgehead Assault Shuttle has Armor Rating 4 (Space), not 3, and its rapid plasma cannon increases to 5x from 4x."
113,Gear,255,,Bridgehead Assault Shuttle,stat,2026-09-26,Bridgehead Assault Shuttle,Weapon Multiplier,4x,5x,"The Bridgehead Assault Shuttle has Armor Rating 4 (Space), not 3, and its rapid plasma cannon increases to 5x from 4x."
114,Gear,255,,Phantom DRIV,stat,,Phantom Deep Recon and Insertion Vehicle (DRIV),Communication,none,Moderate Laser Link,The Phantom DRIV possesses a Moderate Laser Link.
115,Gear,255,,Bridgehead Assault Shuttle: Bleed,stat,2026-09-28,Bridgehead Assault Shuttle,Bleed,Major 3,Major 2,"The Bridgehead Assault Shuttle's rapid plasma cannon has Bleed: Major 2 (its free Plasma Bleed, half of 5x rounded down), not Major 3. Its Total Power Slots read 3 Moderate (1 used), 3 Major (3 used)."
115,Gear,255,,Bridgehead Assault Shuttle: Bleed,stat,2026-09-28,Bridgehead Assault Shuttle,Total Power Slots,"3 Moderate (3 used), 3 Major (3 used)","3 Moderate (1 used), 3 Major (3 used)","The Bridgehead Assault Shuttle's rapid plasma cannon has Bleed: Major 2 (its free Plasma Bleed, half of 5x rounded down), not Major 3. Its Total Power Slots read 3 Moderate (1 used), 3 Major (3 used)."
116,Gear,256,,Standard Cruiser: power,stat,2026-09-28,Standard Cruiser,Power Supply,none,Major Fusion 1,"The Standard Cruiser gains Power Supply: Major Fusion, rank 1, to power its integrated railgun turrets. Its Total Power Slots read 6 Major (4 used), 3 Moderate (0 used), not 3 Major (2 used)."
116,Gear,256,,Standard Cruiser: power,stat,2026-09-28,Standard Cruiser,Total Power Slots,"3 Major (2 used), 3 Moderate (0 used)","6 Major (4 used), 3 Moderate (0 used)","The Standard Cruiser gains Power Supply: Major Fusion, rank 1, to power its integrated railgun turrets. Its Total Power Slots read 6 Major (4 used), 3 Moderate (0 used), not 3 Major (2 used)."
117,Gear,256,,Standard Cruiser: computer,stat,2026-09-28,Standard Cruiser,Computer,none,Major 3 (18 target),"The Standard Cruiser gains Computer: Major 3 (18 target, unlimited tasks), matching the Redemption and Retribution."
118,Gear,258,,Standard (Conventional) Frigate,stat,,Conventional Frigate,Crew Requirement,"10 skeleton, 20 full","100 skeleton, 200 full","Skeleton Crew of Standard Frigate up to 100, from 10, Full Complement to 200, from 20."
119,Gear,258,,Conventional Frigate: launchers,stat,2026-09-28,Conventional Frigate,Launchers,6 (Space),8 (Space),"The Conventional Frigate carries 8 Launchers (Space), not 6."
120,Gear,259,,Resolute-class Frigate,stat,2026-09-26,Resolute-class Frigate,Armor Rating,4 (Space),5 (Space),"The Resolute-class Frigate has Armor Rating 5 (Space), not 4, and its laser turret increases to 7x from 6x."
120,Gear,259,,Resolute-class Frigate,stat,2026-09-26,Resolute-class Frigate,Weapon Multiplier,6x,7x,"The Resolute-class Frigate has Armor Rating 5 (Space), not 4, and its laser turret increases to 7x from 6x."
121,Gear,259,,Redemption-class Frigate: launchers and power,stat,2026-09-28,Redemption-class Frigate,Launchers,6 (Space),4 (Space),"The Redemption-class Frigate carries 4 Launchers (Space), not 6; the ship is built around its plasma cannons. Its Total Power Slots read 9 Major (7 used), 3 Moderate (0 used), not 9 Major (7 used) with no Moderate listed."
121,Gear,259,,Redemption-class Frigate: launchers and power,stat,2026-09-28,Redemption-class Frigate,Total Power Slots,9 Major (7 used),"9 Major (7 used), 3 Moderate (0 used)","The Redemption-class Frigate carries 4 Launchers (Space), not 6; the ship is built around its plasma cannons. Its Total Power Slots read 9 Major (7 used), 3 Moderate (0 used), not 9 Major (7 used) with no Moderate listed."
122,Gear,260,,Retribution-class Frigate: Anti-Missile,typo,2026-09-28,Retribution-class Frigate,Anti-Missile,Anti-Missile (Space) 2x,Anti-Missile (Space) 1x,"The Retribution-class Frigate's ""Anti-Missile (Space) 2x"" reads ""Anti-Missile (Space) 1x""; it has one Anti-Missile mount. Its Total Power Slots read 9 Major (6 used), not 7 used."
122,Gear,260,,Retribution-class Frigate: Anti-Missile,typo,2026-09-28,Retribution-class Frigate,Total Power Slots,9 Major (7 used),9 Major (6 used),"The Retribution-class Frigate's ""Anti-Missile (Space) 2x"" reads ""Anti-Missile (Space) 1x""; it has one Anti-Missile mount. Its Total Power Slots read 9 Major (6 used), not 7 used."
123,Gear,260,,Retribution-class Frigate: drive,stat,2026-09-28,Retribution-class Frigate,Drive,Major Reaction,Moderate Reaction,"The Retribution-class Frigate's Reaction Drive is Moderate, not Major, like its sister ship the Redemption. Its Total Power Slots read 6 Major (6 used), 3 Moderate (0 used)."
123,Gear,260,,Retribution-class Frigate: drive,stat,2026-09-28,Retribution-class Frigate,Total Power Slots,9 Major (6 used),"6 Major (6 used), 3 Moderate (0 used)","The Retribution-class Frigate's Reaction Drive is Moderate, not Major, like its sister ship the Redemption. Its Total Power Slots read 6 Major (6 used), 3 Moderate (0 used)."
124,Gear,261,,Fleet Auxiliary,stat,2026-09-25,Fleet Auxiliary,Fuel,300 Major Fuel (Resource),Bulk fuel stores carried as Cargo,"The Fleet Auxiliary's 300 ranks of Major Fuel are bulk fuel stores carried as Cargo, not the ship's own Fuel Resource. Pumping fuel from the storage tanks into a ship's systems requires an Engineering check."
125,Gear,261,,Marine LASCO Vessel,stat,2026-09-27,"Marine LASCO (Launch, Support, and Command) Vessel",Fuel,13 Major,10 Major (100 days),"The Marine LASCO Vessel carries 10 Major Fuel (100 days), not 13. It gains the Limitation Prerequisite: [Property of the Terran Sphere] (Moderate). Each of its 4 Major Hangars holds 3 Large craft (4 if crammed), so it launches 12 to 16 Bridgehead Assault Shuttles."
125,Gear,261,,Marine LASCO Vessel,stat,2026-09-27,"Marine LASCO (Launch, Support, and Command) Vessel",Limitation,none,Prerequisite [Property of the Terran Sphere] (Moderate),"The Marine LASCO Vessel carries 10 Major Fuel (100 days), not 13. It gains the Limitation Prerequisite: [Property of the Terran Sphere] (Moderate). Each of its 4 Major Hangars holds 3 Large craft (4 if crammed), so it launches 12 to 16 Bridgehead Assault Shuttles."
126,Gear,261,,Fleet Auxiliary: own fuel,stat,2026-09-28,Fleet Auxiliary,Fuel,not printed,11 Major (110 days),"The Fleet Auxiliary's own Fuel Resource is 11 Major (110 days/combat rounds), separate from the bulk fuel it carries as Cargo."
127,Gear,262,,Arniston,stat,,Arniston (Unique Armed Merchantman),Total Power Slots,missing,6 Major (3 used),"The Arniston is missing its Power Slots listing: 6 Major, 3 Used."
128,Gear,262,,Arniston,stat,2026-09-27,Arniston (Unique Armed Merchantman),Manufacture,Moderate,Major,"The Arniston's Manufacture is Major, not Moderate, and it gains a Major Weapon Link so the crew can fit a custom weapon besides the missiles. Its Detection is +2, not +1. It uses 4 of its 6 Major Power Slots, not 3; a weapon fitted to the Link draws another."
128,Gear,262,,Arniston,stat,2026-09-27,Arniston (Unique Armed Merchantman),Link,none,Major Weapon,"The Arniston's Manufacture is Major, not Moderate, and it gains a Major Weapon Link so the crew can fit a custom weapon besides the missiles. Its Detection is +2, not +1. It uses 4 of its 6 Major Power Slots, not 3; a weapon fitted to the Link draws another."
128,Gear,262,,Arniston,stat,2026-09-27,Arniston (Unique Armed Merchantman),Modifier,Detection +1,Detection +2,"The Arniston's Manufacture is Major, not Moderate, and it gains a Major Weapon Link so the crew can fit a custom weapon besides the missiles. Its Detection is +2, not +1. It uses 4 of its 6 Major Power Slots, not 3; a weapon fitted to the Link draws another."
128,Gear,262,,Arniston,stat,2026-09-27,Arniston (Unique Armed Merchantman),Total Power Slots,6 Major (3 used),6 Major (4 used),"The Arniston's Manufacture is Major, not Moderate, and it gains a Major Weapon Link so the crew can fit a custom weapon besides the missiles. Its Detection is +2, not +1. It uses 4 of its 6 Major Power Slots, not 3; a weapon fitted to the Link draws another."
129,Gear,262,,Arniston: fuel endurance,typo,2026-09-28,Arniston (Unique Armed Merchantman),Fuel,6 Major Fuel (6 days/combat rounds),6 Major Fuel (60 days/combat rounds),"The Arniston's fuel reads ""6 Major Fuel (60 days/combat rounds)"", not 6 days."
130,Gear,263,,Lilith Carrier,stat,2026-09-27,Havenite Lilith Carrier,Attack,Heavy particle cannon 6x (2 mounts),Heavy particle cannon 7x (2 mounts),"The Havenite Lilith Carrier's heavy particle cannons are 7x, not 6x. Its Armor Rating is 5 (Space, Shrouded Hull), not 3. Its cargo is 2 Major, not 1 Huge (Cargo has no Huge grade). It gains Manufacture: Major, and its Unique Fuel (Antimatter) limitation is Major. Total Power Slots: 6 Major, 5 used."
130,Gear,263,,Lilith Carrier,stat,2026-09-27,Havenite Lilith Carrier,Armor Rating,3 (Space),5 (Space),"The Havenite Lilith Carrier's heavy particle cannons are 7x, not 6x. Its Armor Rating is 5 (Space, Shrouded Hull), not 3. Its cargo is 2 Major, not 1 Huge (Cargo has no Huge grade). It gains Manufacture: Major, and its Unique Fuel (Antimatter) limitation is Major. Total Power Slots: 6 Major, 5 used."
130,Gear,263,,Lilith Carrier,stat,2026-09-27,Havenite Lilith Carrier,Cargo,1 Huge,2 Major,"The Havenite Lilith Carrier's heavy particle cannons are 7x, not 6x. Its Armor Rating is 5 (Space, Shrouded Hull), not 3. Its cargo is 2 Major, not 1 Huge (Cargo has no Huge grade). It gains Manufacture: Major, and its Unique Fuel (Antimatter) limitation is Major. Total Power Slots: 6 Major, 5 used."
130,Gear,263,,Lilith Carrier,stat,2026-09-27,Havenite Lilith Carrier,Manufacture,none,Major,"The Havenite Lilith Carrier's heavy particle cannons are 7x, not 6x. Its Armor Rating is 5 (Space, Shrouded Hull), not 3. Its cargo is 2 Major, not 1 Huge (Cargo has no Huge grade). It gains Manufacture: Major, and its Unique Fuel (Antimatter) limitation is Major. Total Power Slots: 6 Major, 5 used."
130,Gear,263,,Lilith Carrier,stat,2026-09-27,Havenite Lilith Carrier,Limitation,Unique Fuel (Antimatter),Unique Fuel (Antimatter) (Major),"The Havenite Lilith Carrier's heavy particle cannons are 7x, not 6x. Its Armor Rating is 5 (Space, Shrouded Hull), not 3. Its cargo is 2 Major, not 1 Huge (Cargo has no Huge grade). It gains Manufacture: Major, and its Unique Fuel (Antimatter) limitation is Major. Total Power Slots: 6 Major, 5 used."
130,Gear,263,,Lilith Carrier,stat,2026-09-27,Havenite Lilith Carrier,Total Power Slots,none,6 Major (5 used),"The Havenite Lilith Carrier's heavy particle cannons are 7x, not 6x. Its Armor Rating is 5 (Space, Shrouded Hull), not 3. Its cargo is 2 Major, not 1 Huge (Cargo has no Huge grade). It gains Manufacture: Major, and its Unique Fuel (Antimatter) limitation is Major. Total Power Slots: 6 Major, 5 used."
131,Gear,263,,Havenite Marauder,stat,2026-09-27,Havenite Marauder,Armor Rating,5 (Space),4 (Space),"The Havenite Marauder has Armor Rating 4 (Space, Shrouded Hull), not 5. Its Reaction Drive is Moderate, not Major, and it has no Gravitic Drive; it relies on a carrier to travel between systems. It gains Power Supply: Major Antimatter, rank 1, which powers its Anti-Missile and launchers. Its Unique Fuel (Antimatter) limitation is Major. Remove its Intrusion Detection task. Total Power Slots: 3 Major and 3 Moderate, 3 Major used."
131,Gear,263,,Havenite Marauder,stat,2026-09-27,Havenite Marauder,Drive,"Major Reaction, Major Gravitic",Moderate Reaction,"The Havenite Marauder has Armor Rating 4 (Space, Shrouded Hull), not 5. Its Reaction Drive is Moderate, not Major, and it has no Gravitic Drive; it relies on a carrier to travel between systems. It gains Power Supply: Major Antimatter, rank 1, which powers its Anti-Missile and launchers. Its Unique Fuel (Antimatter) limitation is Major. Remove its Intrusion Detection task. Total Power Slots: 3 Major and 3 Moderate, 3 Major used."
131,Gear,263,,Havenite Marauder,stat,2026-09-27,Havenite Marauder,Power Supply,none,"Major Antimatter, rank 1","The Havenite Marauder has Armor Rating 4 (Space, Shrouded Hull), not 5. Its Reaction Drive is Moderate, not Major, and it has no Gravitic Drive; it relies on a carrier to travel between systems. It gains Power Supply: Major Antimatter, rank 1, which powers its Anti-Missile and launchers. Its Unique Fuel (Antimatter) limitation is Major. Remove its Intrusion Detection task. Total Power Slots: 3 Major and 3 Moderate, 3 Major used."
131,Gear,263,,Havenite Marauder,stat,2026-09-27,Havenite Marauder,Limitation,Unique Fuel (Antimatter),Unique Fuel (Antimatter) (Major),"The Havenite Marauder has Armor Rating 4 (Space, Shrouded Hull), not 5. Its Reaction Drive is Moderate, not Major, and it has no Gravitic Drive; it relies on a carrier to travel between systems. It gains Power Supply: Major Antimatter, rank 1, which powers its Anti-Missile and launchers. Its Unique Fuel (Antimatter) limitation is Major. Remove its Intrusion Detection task. Total Power Slots: 3 Major and 3 Moderate, 3 Major used."
131,Gear,263,,Havenite Marauder,stat,2026-09-27,Havenite Marauder,Tasks,Intrusion Detection 20,none,"The Havenite Marauder has Armor Rating 4 (Space, Shrouded Hull), not 5. Its Reaction Drive is Moderate, not Major, and it has no Gravitic Drive; it relies on a carrier to travel between systems. It gains Power Supply: Major Antimatter, rank 1, which powers its Anti-Missile and launchers. Its Unique Fuel (Antimatter) limitation is Major. Remove its Intrusion Detection task. Total Power Slots: 3 Major and 3 Moderate, 3 Major used."
131,Gear,263,,Havenite Marauder,stat,2026-09-27,Havenite Marauder,Total Power Slots,none,"3 Major, 3 Moderate (3 Major used)","The Havenite Marauder has Armor Rating 4 (Space, Shrouded Hull), not 5. Its Reaction Drive is Moderate, not Major, and it has no Gravitic Drive; it relies on a carrier to travel between systems. It gains Power Supply: Major Antimatter, rank 1, which powers its Anti-Missile and launchers. Its Unique Fuel (Antimatter) limitation is Major. Remove its Intrusion Detection task. Total Power Slots: 3 Major and 3 Moderate, 3 Major used."
132,Gear,263,,Havenite Marauder: magazine,typo,2026-09-28,Havenite Marauder,Magazine,Major Magazine (640 shots),6 Major Magazine (60 shots),"The Havenite Marauder's magazine reads ""6 Major Magazine (60 shots)"", not 640 shots."
133,Gear,263,,Havenite Marauder: launchers,stat,2026-09-28,Havenite Marauder,Launchers,6 (Space),8 (Space),"The Havenite Marauder carries 8 Launchers (Space), not 6, to fit its heavy missile loadout."
134,Gear,264,,Heavy Railgun,stat,,Heavy Railgun,Weapon Multiplier,6x,7x,"Heavy Railgun - Attack increases from 6 to 7, body to 50."
134,Gear,264,,Heavy Railgun,stat,,Heavy Railgun,Body Track,10,50,"Heavy Railgun - Attack increases from 6 to 7, body to 50."
135,Gear,264,,Heavy Laser Cannon,stat,,Heavy Laser Cannon,Weapon Multiplier,7x,8x,"Heavy Laser Cannon - Attack increases from 7 to 8, body to 50."
135,Gear,264,,Heavy Laser Cannon,stat,,Heavy Laser Cannon,Body Track,10,50,"Heavy Laser Cannon - Attack increases from 7 to 8, body to 50."
136,Gear,264,,Havenite Lamprey,stat,2026-09-27,Havenite Lamprey,Drive,Reactionless,"Major Gravitic (modified, in-system)","The Havenite Lamprey's drive is a Major Gravitic Drive modified for in-system use (like the Phantom's), not a Reactionless drive. It gains the Limitations Usage Restriction: in-system only, not FTL-capable (Minor), and One-Time Use (Major); the boarding craft must be reserviced after each action."
136,Gear,264,,Havenite Lamprey,stat,2026-09-27,Havenite Lamprey,Limitation,none,Usage Restriction: in-system only (Minor),"The Havenite Lamprey's drive is a Major Gravitic Drive modified for in-system use (like the Phantom's), not a Reactionless drive. It gains the Limitations Usage Restriction: in-system only, not FTL-capable (Minor), and One-Time Use (Major); the boarding craft must be reserviced after each action."
136,Gear,264,,Havenite Lamprey,stat,2026-09-27,Havenite Lamprey,Limitation,none,One-Time Use (Major),"The Havenite Lamprey's drive is a Major Gravitic Drive modified for in-system use (like the Phantom's), not a Reactionless drive. It gains the Limitations Usage Restriction: in-system only, not FTL-capable (Minor), and One-Time Use (Major); the boarding craft must be reserviced after each action."
137,Gear,264,,Havenite Lamprey: fuel endurance,typo,2026-09-28,Havenite Lamprey,Fuel,4 Major Fuel (4 days/combat rounds),4 Major Fuel (40 days/combat rounds),"The Havenite Lamprey's fuel reads ""4 Major Fuel (40 days/combat rounds)"", not 4 days."
138,Gear,264,,Heavy Railgun: power,stat,2026-09-28,Heavy Railgun,Power Requirement,none,1 Major slot,"The Heavy Railgun gains Power Requirement: 1 Major slot, drawn from its host through the Weapon Link (like the Heavy Laser Cannon)."
139,Gear,265,,Quad Missile Pack: magazine,typo,2026-09-28,Quad Missile Pack,Magazine,2 Major Magazines (80 shots),8 Major Magazines (80 shots),"The Quad Missile Pack's magazine reads ""8 Major Magazines (80 shots)"", not 2 Major Magazines."
140,Gear,266,,Security programs: sizes,clarification,2026-09-27,Basic Security Software,Size,not printed,Small,Basic Security Software and Security Software are Small items. Traceback and Honey Pot are Tiny add-on modules for a larger security suite.
140,Gear,266,,Security programs: sizes,clarification,2026-09-27,Security Software,Size,not printed,Small,Basic Security Software and Security Software are Small items. Traceback and Honey Pot are Tiny add-on modules for a larger security suite.
140,Gear,266,,Security programs: sizes,clarification,2026-09-27,Traceback,Size,not printed,Tiny,Basic Security Software and Security Software are Small items. Traceback and Honey Pot are Tiny add-on modules for a larger security suite.
140,Gear,266,,Security programs: sizes,clarification,2026-09-27,Honey Pot,Size,not printed,Tiny,Basic Security Software and Security Software are Small items. Traceback and Honey Pot are Tiny add-on modules for a larger security suite.
141,Gear,266,,Security Software,stat,2026-09-27,Security Software,Tag,none,[This Is A Private Conversation 2] (Free),Security Software gains the Free Tags [This Is A Private Conversation 2] and [I See You 2].
141,Gear,266,,Security Software,stat,2026-09-27,Security Software,Tag,none,[I See You 2] (Free),Security Software gains the Free Tags [This Is A Private Conversation 2] and [I See You 2].
142,Gear,266,,Honey Pot,stat,2026-09-27,Honey Pot,Tag rank: [The Wages of Sin],1,2,Honey Pot's [The Wages of Sin] Tag is rank 2.
143,Gear,267,,Cover Identity programs,clarification,2026-09-25,Cover Identity,Size,not printed,Tiny,"Cover Identity and Good Cover Identity are Tiny items. The identity is stored on a chip (such as an ident card or passport) and runs on whatever computer reads the chip, spoofing that reader. The reader needs a Minor computer or better; its Tasks run at the lower of their own TN and the reader's max TN."
143,Gear,267,,Cover Identity programs,clarification,2026-09-25,Good Cover Identity,Size,not printed,Tiny,"Cover Identity and Good Cover Identity are Tiny items. The identity is stored on a chip (such as an ident card or passport) and runs on whatever computer reads the chip, spoofing that reader. The reader needs a Minor computer or better; its Tasks run at the lower of their own TN and the reader's max TN."
144,Gear,267,,Military-Grade Security,stat,2026-09-27,Military-Grade Security,Tasks,"Intrusion Detection 20, Trace 20, Compromise 20","Intrusion Detection 20, Trace 20","Military-Grade Security loses its Compromise Task. [I See You 3] and [Like Fort Knox 3] are Free Tags ([Like Fort Knox] was rank 1), and it gains the Free Tag [This Is A Private Conversation 2]."
144,Gear,267,,Military-Grade Security,stat,2026-09-27,Military-Grade Security,Tag,[I See You 3],[I See You 3] (Free),"Military-Grade Security loses its Compromise Task. [I See You 3] and [Like Fort Knox 3] are Free Tags ([Like Fort Knox] was rank 1), and it gains the Free Tag [This Is A Private Conversation 2]."
144,Gear,267,,Military-Grade Security,stat,2026-09-27,Military-Grade Security,Tag,[Like Fort Knox],[Like Fort Knox 3] (Free),"Military-Grade Security loses its Compromise Task. [I See You 3] and [Like Fort Knox 3] are Free Tags ([Like Fort Knox] was rank 1), and it gains the Free Tag [This Is A Private Conversation 2]."
144,Gear,267,,Military-Grade Security,stat,2026-09-27,Military-Grade Security,Tag,none,[This Is A Private Conversation 2] (Free),"Military-Grade Security loses its Compromise Task. [I See You 3] and [Like Fort Knox 3] are Free Tags ([Like Fort Knox] was rank 1), and it gains the Free Tag [This Is A Private Conversation 2]."
145,Gear,268,,Tse Blade,stat,,Tse Blade,Weapon Multiplier (both attacks),4x,5x,Tse Blade attack multipliers increase to 5x.
146,Gear,268,,Shohan Personal Armor,stat,,Shohan Personal Armor,Armor scale,Firefight,Battlefield,"Shohan Personal Armor possesses Battlefield, not Firefight level armor."
147,Gear,268,,Tse Blade,stat,2026-09-27,Tse Blade,Tag type: [Flexible Geometry Blade],Standard,Free,"The Tse Blade's [Flexible Geometry Blade] is a Free Tag. [Where Did You Get Your Hands on One?] is a standard Tag (it applies when a character who is neither Shohan nor Altered carries one). Its Cost Rating is 4 and its Character Creation cost is 10 (was CR 5, CC 15)."
147,Gear,268,,Tse Blade,stat,2026-09-27,Tse Blade,Tag,[Where Did You Get Your Hands on One?] (conditional),Standard Tag,"The Tse Blade's [Flexible Geometry Blade] is a Free Tag. [Where Did You Get Your Hands on One?] is a standard Tag (it applies when a character who is neither Shohan nor Altered carries one). Its Cost Rating is 4 and its Character Creation cost is 10 (was CR 5, CC 15)."
147,Gear,268,,Tse Blade,stat,2026-09-27,Tse Blade,CR,5,4,"The Tse Blade's [Flexible Geometry Blade] is a Free Tag. [Where Did You Get Your Hands on One?] is a standard Tag (it applies when a character who is neither Shohan nor Altered carries one). Its Cost Rating is 4 and its Character Creation cost is 10 (was CR 5, CC 15)."
147,Gear,268,,Tse Blade,stat,2026-09-27,Tse Blade,CC,15,10,"The Tse Blade's [Flexible Geometry Blade] is a Free Tag. [Where Did You Get Your Hands on One?] is a standard Tag (it applies when a character who is neither Shohan nor Altered carries one). Its Cost Rating is 4 and its Character Creation cost is 10 (was CR 5, CC 15)."
148,Gear,268,,Shohan Personal Armor,stat,2026-09-27,Shohan Personal Armor,Regeneration: Biological,4 (grade not printed),"4, Moderate","Shohan Personal Armor's Regeneration grades are Biological 4 at Moderate (4 Body per scene) and Force Field 4 at Major (every round). [Emergent Altered] is a Moderate limitation (Malfunction), and the armor has a second Moderate limitation, Target On Your Back."
148,Gear,268,,Shohan Personal Armor,stat,2026-09-27,Shohan Personal Armor,Regeneration: Force Field,4 (grade not printed),"4, Major","Shohan Personal Armor's Regeneration grades are Biological 4 at Moderate (4 Body per scene) and Force Field 4 at Major (every round). [Emergent Altered] is a Moderate limitation (Malfunction), and the armor has a second Moderate limitation, Target On Your Back."
148,Gear,268,,Shohan Personal Armor,stat,2026-09-27,Shohan Personal Armor,Limitation,none,"Malfunction [Emergent Altered], Moderate","Shohan Personal Armor's Regeneration grades are Biological 4 at Moderate (4 Body per scene) and Force Field 4 at Major (every round). [Emergent Altered] is a Moderate limitation (Malfunction), and the armor has a second Moderate limitation, Target On Your Back."
148,Gear,268,,Shohan Personal Armor,stat,2026-09-27,Shohan Personal Armor,Limitation,none,"Target On Your Back, Moderate","Shohan Personal Armor's Regeneration grades are Biological 4 at Moderate (4 Body per scene) and Force Field 4 at Major (every round). [Emergent Altered] is a Moderate limitation (Malfunction), and the armor has a second Moderate limitation, Target On Your Back."
149,Gear,268,,Shohan Personal Armor,stat,2026-09-28,Shohan Personal Armor,Links,2 Weapon,2 Moderate Weapon,"The Shohan Personal Armor's 2 Weapon Links are Moderate. Its Weapons +2 Modifier works only with weapons fitted to those Links (Limitation: Usage Restriction, Minor). Its Computer is Minor rank 3 (18 target), not Moderate, its Athletics Modifier is +1, not +2, and its Body Track is 45, not 40. Total Power Slots: 3 Moderate, 3 used (Force Field and one weapon on each Link)."
149,Gear,268,,Shohan Personal Armor,stat,2026-09-28,Shohan Personal Armor,Limitation,none,Usage Restriction: Weapons +2 only with Link weapons (Minor),"The Shohan Personal Armor's 2 Weapon Links are Moderate. Its Weapons +2 Modifier works only with weapons fitted to those Links (Limitation: Usage Restriction, Minor). Its Computer is Minor rank 3 (18 target), not Moderate, its Athletics Modifier is +1, not +2, and its Body Track is 45, not 40. Total Power Slots: 3 Moderate, 3 used (Force Field and one weapon on each Link)."
149,Gear,268,,Shohan Personal Armor,stat,2026-09-28,Shohan Personal Armor,Computer,Moderate 3,Minor 3,"The Shohan Personal Armor's 2 Weapon Links are Moderate. Its Weapons +2 Modifier works only with weapons fitted to those Links (Limitation: Usage Restriction, Minor). Its Computer is Minor rank 3 (18 target), not Moderate, its Athletics Modifier is +1, not +2, and its Body Track is 45, not 40. Total Power Slots: 3 Moderate, 3 used (Force Field and one weapon on each Link)."
149,Gear,268,,Shohan Personal Armor,stat,2026-09-28,Shohan Personal Armor,Modifier,Athletics +2,Athletics +1,"The Shohan Personal Armor's 2 Weapon Links are Moderate. Its Weapons +2 Modifier works only with weapons fitted to those Links (Limitation: Usage Restriction, Minor). Its Computer is Minor rank 3 (18 target), not Moderate, its Athletics Modifier is +1, not +2, and its Body Track is 45, not 40. Total Power Slots: 3 Moderate, 3 used (Force Field and one weapon on each Link)."
149,Gear,268,,Shohan Personal Armor,stat,2026-09-28,Shohan Personal Armor,Body Track,40,45,"The Shohan Personal Armor's 2 Weapon Links are Moderate. Its Weapons +2 Modifier works only with weapons fitted to those Links (Limitation: Usage Restriction, Minor). Its Computer is Minor rank 3 (18 target), not Moderate, its Athletics Modifier is +1, not +2, and its Body Track is 45, not 40. Total Power Slots: 3 Moderate, 3 used (Force Field and one weapon on each Link)."
150,Gear,268,,Shohan Personal Armor,stat,2026-09-29,Shohan Personal Armor,Modifier,Weapons +2,"Weapons (Melee, Heavy Weapons) +2","The Shohan Personal Armor's Weapons +2 Modifier covers two skills, Melee and Heavy Weapons (pairing with a Tse Blade), and is costed as a Moderate Modifier. Target On Your Back is a Major limitation, not Moderate: the armor can't be concealed, and anyone wearing it is visibly in the other side's armor. Cost Rating unchanged (5)."
150,Gear,268,,Shohan Personal Armor,stat,2026-09-29,Shohan Personal Armor,Limitation: Target On Your Back,Moderate,Major,"The Shohan Personal Armor's Weapons +2 Modifier covers two skills, Melee and Heavy Weapons (pairing with a Tse Blade), and is costed as a Moderate Modifier. Target On Your Back is a Major limitation, not Moderate: the armor can't be concealed, and anyone wearing it is visibly in the other side's armor. Cost Rating unchanged (5)."
151,Gear,269,,War Drone (Cerberus),stat,,War Drone (Cerberus),Body Track,40,80,"Shohan War Drone's Body increases to 80, armor increases to 5."
151,Gear,269,,War Drone (Cerberus),stat,,War Drone (Cerberus),Armor Rating,4,5,"Shohan War Drone's Body increases to 80, armor increases to 5."
152,Gear,269,,War Drone (Cerberus): computer,stat,2026-09-28,War Drone (Cerberus),Computer,Moderate Brain 3 (18 target),Moderate Brain 4 (20 target),"The War Drone (Cerberus)'s Brain is Moderate rank 4 (20 target), not rank 3, so it can run its Combat 20 Task."
153,Gear,271,,Resistance Lumber Mech,stat,2026-09-27,Resistance Lumber Mech,Body Track,80,70,"The Resistance Lumber Mech's Body Track is 70, not 80. Its Coil Power Supply uses 2 Moderate Charge, not Fuel. [Kinetic Feedback Control Rig] is a Free Tag (free Skill switch from Drive to Athletics)."
153,Gear,271,,Resistance Lumber Mech,stat,2026-09-27,Resistance Lumber Mech,Resource,2 Moderate Fuel,2 Moderate Charge,"The Resistance Lumber Mech's Body Track is 70, not 80. Its Coil Power Supply uses 2 Moderate Charge, not Fuel. [Kinetic Feedback Control Rig] is a Free Tag (free Skill switch from Drive to Athletics)."
153,Gear,271,,Resistance Lumber Mech,stat,2026-09-27,Resistance Lumber Mech,Tag type: [Kinetic Feedback Control Rig],Standard,Free,"The Resistance Lumber Mech's Body Track is 70, not 80. Its Coil Power Supply uses 2 Moderate Charge, not Fuel. [Kinetic Feedback Control Rig] is a Free Tag (free Skill switch from Drive to Athletics)."
154,Gear,271,,Resistance Lumber Mech: power slots,typo,2026-09-28,Resistance Lumber Mech,Total Power Slots,"2 Minor (0 used), 3 Moderate (1 used)","3 Minor (0 used), 3 Moderate (1 used)","The Resistance Lumber Mech's Total Power Slots read 3 Minor (0 used), 3 Moderate (1 used), not 2 Minor."
155,Psionics,278,,Astral Projection,rule,,,Strain cost,,1 per round or scene maintained,Astral Projection costs 1 strain per round or scene that the character maintains the projection.
156,Psionics,285,,Necromancy: sacrificing attunements,rule,,,,,,Necromantic attunements may be sacrificed to gain strain at 10 points for every rank of the attunement.
157,Psionics,285,,Necromancy: shunting damage,rule,,,Damage-to-strain ratio,3 strain per 1 damage,1 strain per 1 damage,"Necromancers may shunt damage to their strain track at a 1 to 1 ratio, previously this was 3 strain for every point of damage."
